NolramImpro	http://mii-images.cdn.nintendo.net/3nhht3y6sjm8f_normal_face.png	BR	Nolram
SGK2017	http://mii-images.cdn.nintendo.net/4bxo1rny12r_normal_face.png	JP	しげ
preamstrikbiz0	http://mii-images.cdn.nintendo.net/2i0nphr806hjp_normal_face.png	US	primo
gotatari	http://mii-images.cdn.nintendo.net/2dvhs41zz7yxo_normal_face.png	JP	たくと
skrufpanda	http://mii-images.cdn.nintendo.net/2n2gr4n7oxgpc_normal_face.png	NO	pinkachuz
Atticus1184	http://mii-images.cdn.nintendo.net/14nznkv1dshz0_normal_face.png	CA	Atticus
tai6-masa120	http://mii-images.cdn.nintendo.net/3p0f58pj6xdvl_normal_face.png	JP	ポーくん
yassy_yasu	http://mii-images.cdn.nintendo.net/2ye8l03gnea72_normal_face.png	JP	yassy
josephc_01	http://mii-images.cdn.nintendo.net/28betze3p57nh_normal_face.png	US	joe
math718	http://mii-images.cdn.nintendo.net/3t05f4ua72wyn_normal_face.png	FR	math
sho.k6	http://mii-images.cdn.nintendo.net/2rfrym9rpjfno_normal_face.png	JP	しようと
Anilucie	http://mii-images.cdn.nintendo.net/nzcxf42shw66_normal_face.png	FR	Theophile
pueppy902	http://mii-images.cdn.nintendo.net/2fx2u68g3ws64_normal_face.png	DE	tami
Xwol16	http://mii-images.cdn.nintendo.net/1eoqzcemxsijb_normal_face.png	US	z man
rororonan624	http://mii-images.cdn.nintendo.net/1avtnwj4346w_normal_face.png	FR	roro
ua2229ia	http://mii-images.cdn.nintendo.net/3hmghf04czf2d_normal_face.png	JP	ミラン
1602SHION	http://mii-images.cdn.nintendo.net/1emz5uk85n65l_normal_face.png	JP	クーゲルシュライバー
igorsssa	http://mii-images.cdn.nintendo.net/3alh60yvy0g1w_normal_face.png	BR	Igor
emerson1312	http://mii-images.cdn.nintendo.net/13v0p0bxhlv1o_normal_face.png	BR	Emerson
NiCOx2-ALiCE	http://mii-images.cdn.nintendo.net/3c55wx5f5qu67_normal_face.png	JP	ドラ
praujg19mnvksoxz	http://mii-images.cdn.nintendo.net/1ondkoctzfkxh_normal_face.png	HN	carlos
pausfam	http://mii-images.cdn.nintendo.net/13e8tiiioxuz1_normal_face.png	US	first
Fafakaizeur	http://mii-images.cdn.nintendo.net/1yffsipa82vjw_normal_face.png	FR	FAFA
kotetu2003	http://mii-images.cdn.nintendo.net/jeour1pou7tx_normal_face.png	JP	しゅん
ftotheamily	http://mii-images.cdn.nintendo.net/azb7zjwrvez4_normal_face.png	US	dad
iwhrs.0	http://mii-images.cdn.nintendo.net/2stlfsri9uofd_normal_face.png	JP	ほの
Y.Tetta	http://mii-images.cdn.nintendo.net/1ledah6r0bdxn_normal_face.png	JP	てった
Deimun	http://mii-images.cdn.nintendo.net/2lhz6fldpzkx5_normal_face.png	US	Drew
Jigglyfan	http://mii-images.cdn.nintendo.net/1kcf1ipyhm5n7_normal_face.png	DE	Hasan
raamdani34000	http://mii-images.cdn.nintendo.net/2bfmzlwrk9pje_normal_face.png	FR	lokman
annarikumama	http://mii-images.cdn.nintendo.net/399i901p9a6oc_normal_face.png	JP	♪　Anna ♪
0614MASAKIOKADA	http://mii-images.cdn.nintendo.net/3jzvkb2mvh1dc_normal_face.png	JP	ブロッコリーブロリー
6323AA	http://mii-images.cdn.nintendo.net/1lbsdi73myy9h_normal_face.png	JP	マーヤ
tomoka4868	http://mii-images.cdn.nintendo.net/veucgp8v3oup_normal_face.png	JP	♪ホイップ♪
flacocachetes	http://mii-images.cdn.nintendo.net/16pkjlvfqhabl_normal_face.png	MX	Diego
kumo2009	http://mii-images.cdn.nintendo.net/1xsgcuhaq7q3l_normal_face.png	JP	くっちゃん
cocohalki	http://mii-images.cdn.nintendo.net/14ndi66ar2w4j_normal_face.png	JP	きうく
ninietlulu	http://mii-images.cdn.nintendo.net/ycf35k2ug8d6_normal_face.png	BE	Lulu
Staticalmite	http://mii-images.cdn.nintendo.net/d6wjy5ibxy05_normal_face.png	GB	Stats
Wiggle133	http://mii-images.cdn.nintendo.net/1tx8nxlid5guh_normal_face.png	BR	Eagle
jacobrw420	http://mii-images.cdn.nintendo.net/f9e3rnp7vi5k_normal_face.png	US	jacob
Joelbema	http://mii-images.cdn.nintendo.net/2hojkw1fl60e5_normal_face.png	DE	BlacKGes
eddyck11	http://mii-images.cdn.nintendo.net/3p1bzvivxbywf_normal_face.png	US	edd
tiochan12	http://mii-images.cdn.nintendo.net/3hlm9rc81rrhl_normal_face.png	JP	ゆう
hayfrend	http://mii-images.cdn.nintendo.net/5k0rcp7snpzt_normal_face.png	US	Paul
Potentially_Luke	http://mii-images.cdn.nintendo.net/240e7uyiozq59_normal_face.png	GB	Luke
caiokouk123	http://mii-images.cdn.nintendo.net/1b4znfg9wl3f7_normal_face.png	US	caio
tmomma85	http://mii-images.cdn.nintendo.net/3buqtii8ji6z9_normal_face.png	US	mrjqwwwuuu
rvaldes13	http://mii-images.cdn.nintendo.net/25hafq4vya1lu_normal_face.png	MX	Rok
justusgamer27600	http://mii-images.cdn.nintendo.net/2qb5tw3vl09bd_normal_face.png	CA	jimmy
MTma-kun0205	http://mii-images.cdn.nintendo.net/2km296i3mmdzf_normal_face.png	JP	PAN　まーくん
pedro2512	http://mii-images.cdn.nintendo.net/234d7q53v0bax_normal_face.png	DE	pedro
0509kaito	http://mii-images.cdn.nintendo.net/2himld9u73d8u_normal_face.png	JP	かいと
manhead	http://mii-images.cdn.nintendo.net/2qbhcp3vufum4_normal_face.png	GB	manhead
Usiel04	http://mii-images.cdn.nintendo.net/1olygt5onfk4c_normal_face.png	MX	Usiel04
Tongan	http://mii-images.cdn.nintendo.net/2dzsrx4mdwzm8_normal_face.png	BE	Kris
aozora12345	http://mii-images.cdn.nintendo.net/vakopw6nvzum_normal_face.png	JP	ひと
26684mG	http://mii-images.cdn.nintendo.net/24rmdbg890ju2_normal_face.png	US	nico
mamokimi	http://mii-images.cdn.nintendo.net/36n44int85if4_normal_face.png	JP	もえもえ
taiga0105	http://mii-images.cdn.nintendo.net/359zoe12jte7f_normal_face.png	JP	2109s
haruking20	http://mii-images.cdn.nintendo.net/1lbzu7m2r8ade_normal_face.png	JP	はるき
L.a.w.l.i.e.t.27	http://mii-images.cdn.nintendo.net/1c23efegrumgm_normal_face.png	MX	kyo kun
tomo-takubi	http://mii-images.cdn.nintendo.net/1o18ckhyh6x7z_normal_face.png	JP	たくみ
javierfloreshdz	http://mii-images.cdn.nintendo.net/2tx050a7wbror_normal_face.png	MX	Javier
161125dayo	http://mii-images.cdn.nintendo.net/2xt2l676x671u_normal_face.png	JP	たっくん
MAMEYAMA	http://mii-images.cdn.nintendo.net/yssq0c972fmh_normal_face.png	JP	まさのり
MCHockey555	http://mii-images.cdn.nintendo.net/10n58hvu16akh_normal_face.png	CA	Double A
masash_0903	http://mii-images.cdn.nintendo.net/1nejznpf0mekj_normal_face.png	JP	まさし
1216souri	http://mii-images.cdn.nintendo.net/ldylcln6wc41_normal_face.png	JP	ちょちょP
Dragonogon2	http://mii-images.cdn.nintendo.net/2kgo29xdhhlf8_normal_face.png	US	Kotatsu
shinichiyoshio	http://mii-images.cdn.nintendo.net/3syq0hb25vfub_normal_face.png	JP	しょう　きんた
bebe4242	http://mii-images.cdn.nintendo.net/kss1z0u7jtxl_normal_face.png	MX	bebe
kaz-towa	http://mii-images.cdn.nintendo.net/y1k31y0b2j5n_normal_face.png	JP	☆かずは★
koudal333811	http://mii-images.cdn.nintendo.net/35byxuzdlolf6_normal_face.png	JP	XIXILI
Brennan_Caboor	http://mii-images.cdn.nintendo.net/15ee0loi7kf30_normal_face.png	NL	Mr. Caboor
pukutaro630	http://mii-images.cdn.nintendo.net/2o86ermsryzx_normal_face.png	JP	ぷくたろう
alesito123	http://mii-images.cdn.nintendo.net/1lzy6rkzi50vp_normal_face.png	MX	sherlyn
alexhorta815	http://mii-images.cdn.nintendo.net/n1fq30448zix_normal_face.png	US	Alex
a-r-l-y.s	http://mii-images.cdn.nintendo.net/1lmpo3ef4pw63_normal_face.png	JP	りく
unicornssmasher	http://mii-images.cdn.nintendo.net/32cjdothyibf1_normal_face.png	US	Luigi
Black60Dragon	http://mii-images.cdn.nintendo.net/q36bk3kwubrl_normal_face.png	US	BlackDraco
ibuki.a-0818	http://mii-images.cdn.nintendo.net/1rbjq36xwwk2v_normal_face.png	JP	いぶき
karisuma007	http://mii-images.cdn.nintendo.net/351k5y8v2qqzm_normal_face.png	JP	キッカム
uiui39	http://mii-images.cdn.nintendo.net/2mh0yrbink9h8_normal_face.png	JP	ZYX:しょうとら
taromaru01	http://mii-images.cdn.nintendo.net/2tcrofs9c89y3_normal_face.png	JP	かんじ
TyCWill	http://mii-images.cdn.nintendo.net/28k6zhcllvh8v_normal_face.png	US	Ty
cha-boumaru	http://mii-images.cdn.nintendo.net/3lrktw0sv57ht_normal_face.png	JP	くつした
akuma159357	http://mii-images.cdn.nintendo.net/cdz8prnfz7t4_normal_face.png	JP	あくま
Jaco086c	http://mii-images.cdn.nintendo.net/v3fruq6v5cva_normal_face.png	DK	Jacob
sotariku8602	http://mii-images.cdn.nintendo.net/3bc5ppk83fyhm_normal_face.png	JP	あおりいかせんぱい
Kyyrr19838	http://mii-images.cdn.nintendo.net/3hd43v5d2d2r2_normal_face.png	JP	りゅうき
oratti123	http://mii-images.cdn.nintendo.net/hxjmbaoochu1_normal_face.png	JP	ゆう
akira1002000	http://mii-images.cdn.nintendo.net/1ewgcp156edqu_normal_face.png	JP	ないと
taiki1709	http://mii-images.cdn.nintendo.net/1eoslobr0c8kq_normal_face.png	JP	L
aklko1014	http://mii-images.cdn.nintendo.net/16oi7nx96pdny_normal_face.png	JP	かんた
kamikei	http://mii-images.cdn.nintendo.net/2d3vnnx8xgxd9_normal_face.png	JP	k
miguelangelzr	http://mii-images.cdn.nintendo.net/2wphuvxe16jhj_normal_face.png	MX	gameryoshi
ghooks04	http://mii-images.cdn.nintendo.net/107f3tc6hilm_normal_face.png	US	Chara
mirakuru19	http://mii-images.cdn.nintendo.net/df6kaurj8ro2_normal_face.png	JP	たつくん
hatahaya2000	http://mii-images.cdn.nintendo.net/3mkh7uj9bmdbg_normal_face.png	JP	ひまじん
favrel28	http://mii-images.cdn.nintendo.net/1qlg6jdlysdrx_normal_face.png	MX	Favrel
DarkWolfX12125	http://mii-images.cdn.nintendo.net/3qv0leudtf2wk_normal_face.png	US	Bernardo
katou35	http://mii-images.cdn.nintendo.net/2lfoiycdtbeae_normal_face.png	JP	ひっか
HASE-0120	http://mii-images.cdn.nintendo.net/3fq89v8ix89f1_normal_face.png	JP	ボーリングのたま
LittleTyke	http://mii-images.cdn.nintendo.net/asxp73porvp_normal_face.png	GB	Tyler
E_master76	http://mii-images.cdn.nintendo.net/u79x6mfw7tjd_normal_face.png	US	Eli
corconlex	http://mii-images.cdn.nintendo.net/2wevtedg32p3_normal_face.png	US	connor
vitorotavio	http://mii-images.cdn.nintendo.net/1nws7apfdtujh_normal_face.png	BR	Tavão
Alef_Nascimento	http://mii-images.cdn.nintendo.net/1pl6lfkcwbeoo_normal_face.png	US	Alef_B_N
Mario-Mike04	http://mii-images.cdn.nintendo.net/31qmtjsh7clyl_normal_face.png	US	Michael
CronusNexus	http://mii-images.cdn.nintendo.net/1sjrau7zryizq_normal_face.png	US	Waverunner
kmkkhn-g	http://mii-images.cdn.nintendo.net/1bbrs5f3lcz98_normal_face.png	JP	さな
ominiverse	http://mii-images.cdn.nintendo.net/iiynvgnprxgb_normal_face.png	BR	lucas
Pupazzi	http://mii-images.cdn.nintendo.net/1fm4qrkpurqi9_normal_face.png	IT	Alessandro
ponpon1011pon	http://mii-images.cdn.nintendo.net/12pv169zu4b7g_normal_face.png	JP	フォレスト
hythrt_10	http://mii-images.cdn.nintendo.net/1dsp9f6gx9ph5_normal_face.png	JP	はやと
FluffyPaws23	http://mii-images.cdn.nintendo.net/1sipn82hj12y2_normal_face.png	US	Zoey
Brainny	http://mii-images.cdn.nintendo.net/334hbwefu7qof_normal_face.png	SE	Dejvan
n072400	http://mii-images.cdn.nintendo.net/2epxbzfetf178_normal_face.png	JP	りゅうしん
kiratowa1113	http://mii-images.cdn.nintendo.net/1d5yut2684u87_normal_face.png	JP	きらと
jonjonboy1	http://mii-images.cdn.nintendo.net/2mfchkjqp3uw7_normal_face.png	US	Jonathan
Ethunboo	http://mii-images.cdn.nintendo.net/7s3fohqqd7l1_normal_face.png	US	Ethunboo
Unlabled	http://mii-images.cdn.nintendo.net/tqfprxt8jmco_normal_face.png	US	Mikal
strongmind19	http://mii-images.cdn.nintendo.net/2rs73earxuw17_normal_face.png	US	kristelle
Dofasdaj	http://mii-images.cdn.nintendo.net/1dpyrzmgzjh08_normal_face.png	DE	Kinder
creamy_cake_1000	http://mii-images.cdn.nintendo.net/15yjmun3re5nw_normal_face.png	RU	Крутой
Davi0s	http://mii-images.cdn.nintendo.net/3m0zsfhp19ay8_normal_face.png	NL	Davios
Emilia0707	http://mii-images.cdn.nintendo.net/2cgo3b6emm5rg_normal_face.png	US	Emmalee~
Liguanan	http://mii-images.cdn.nintendo.net/2n17ntx13lqnk_normal_face.png	FI	Ray
taichi0406	http://mii-images.cdn.nintendo.net/3al11v9wqdjra_normal_face.png	JP	こうき
kouyukitomo	http://mii-images.cdn.nintendo.net/1jejf11gy2lh6_normal_face.png	JP	K0U
eripoko77	http://mii-images.cdn.nintendo.net/15yub9u3vizy2_normal_face.png	JP	†Pоиo☆ポノォ†
Mestre_Yoshi	http://mii-images.cdn.nintendo.net/16itshhjnz09d_normal_face.png	US	William
viarmot	http://mii-images.cdn.nintendo.net/axz879svjy9i_normal_face.png	ES	victor
angelito_moi26	http://mii-images.cdn.nintendo.net/31lesnahnoc9v_normal_face.png	GT	ANGELITO
CaptainToad4444	http://mii-images.cdn.nintendo.net/1nvld54q4s9mg_normal_face.png	BR	Pietro64YT
Thunder8966	http://mii-images.cdn.nintendo.net/3ggb6rf2gur4p_normal_face.png	US	Firebolt
Jacobgz2002	http://mii-images.cdn.nintendo.net/3al35rl8bwik8_normal_face.png	MX	jacobis
tatiana1201	http://mii-images.cdn.nintendo.net/2gnortovu9ieq_normal_face.png	MX	chino2
jonamai	http://mii-images.cdn.nintendo.net/19htdghxdny37_normal_face.png	BE	quentin
D0RIAN1996	http://mii-images.cdn.nintendo.net/125clxiewmbta_normal_face.png	IT	Dorian
elfballer	http://mii-images.cdn.nintendo.net/2ka2iwyalkbiu_normal_face.png	US	elfballer
joeltaino	http://mii-images.cdn.nintendo.net/qq3e9mdcj4it_normal_face.png	US	jt
r.t.k.papa	http://mii-images.cdn.nintendo.net/ee4vxawil4d_normal_face.png	JP	RTK
finialfie	http://mii-images.cdn.nintendo.net/2sv9dybup52qb_normal_face.png	GB	finialfie
starwars11121	http://mii-images.cdn.nintendo.net/1yyjfu2g5fsyb_normal_face.png	US	ADAM
Maxiflubbi	http://mii-images.cdn.nintendo.net/2k5keu3qcb2pa_normal_face.png	DE	LINK
yasmedice	http://mii-images.cdn.nintendo.net/3cpn7f8uz88ry_normal_face.png	BR	Mim
upsettingwaif40	http://mii-images.cdn.nintendo.net/ofknl6uqrh1_normal_face.png	US	NJK
HIROHIROHIROPPI	http://mii-images.cdn.nintendo.net/oi323zr1aacy_normal_face.png	JP	～~кõñвū~～
TaKoyAki1327	http://mii-images.cdn.nintendo.net/3hz4wlk7tgj24_normal_face.png	JP	「  」
macoto1975	http://mii-images.cdn.nintendo.net/2kh4rpte5qed9_normal_face.png	JP	2B
demonhunter47223	http://mii-images.cdn.nintendo.net/2wz51xlyaeyws_normal_face.png	US	trivium
thelyingkid	http://mii-images.cdn.nintendo.net/3yzskdkospki_normal_face.png	US	oscar2
geertvervoort68m	http://mii-images.cdn.nintendo.net/31bxhdplldsdb_normal_face.png	BE	elias
Itsyaboijole	http://mii-images.cdn.nintendo.net/399bus7vabpbs_normal_face.png	RU	Hevchki
PALSER-GTIR	http://mii-images.cdn.nintendo.net/38bvs75be4qmz_normal_face.png	JP	だいき
nahil18	http://mii-images.cdn.nintendo.net/2smzkkie0uujt_normal_face.png	FR	Nahil
Mario_Mapache200	http://mii-images.cdn.nintendo.net/176x058h5n9f5_normal_face.png	MX	Kevin
portugueses000	http://mii-images.cdn.nintendo.net/1hzz3obrsxadg_normal_face.png	BR	umbreon
CupOfDaniel	http://mii-images.cdn.nintendo.net/2ac7v2gs3gx9t_normal_face.png	US	Rocky
KARINSEIKAI	http://mii-images.cdn.nintendo.net/2jt5ouy2uevyk_normal_face.png	JP	あいうえおかきくけこ
shimonura	http://mii-images.cdn.nintendo.net/22w4o3nvhpy9x_normal_face.png	JP	ぱぱ
Nintengeek36	http://mii-images.cdn.nintendo.net/xm5qao0o28j5_normal_face.png	FR	mat
Lionel64800	http://mii-images.cdn.nintendo.net/txzwif9hdzeq_normal_face.png	FR	Lionel
jcast2809	http://mii-images.cdn.nintendo.net/yatpz2ntwyhy_normal_face.png	US	picudin
yodakii.111	http://mii-images.cdn.nintendo.net/mhljkx567ij7_normal_face.png	JP	アツモリ
knb6188	http://mii-images.cdn.nintendo.net/itpv516cwbwf_normal_face.png	JP	ぶーたろ
mariomason06	http://mii-images.cdn.nintendo.net/gpdzu0zaf09y_normal_face.png	US	mason
tranicapitale	http://mii-images.cdn.nintendo.net/y0v3mrem55sh_normal_face.png	IT	crystal
strummerf	http://mii-images.cdn.nintendo.net/11bq9hlj4hw3a_normal_face.png	US	strummer
POPPABEAR15	http://mii-images.cdn.nintendo.net/idbo5q2rcdy5_normal_face.png	US	Elijah
Mgamer762	http://mii-images.cdn.nintendo.net/wkzcrz8032nt_normal_face.png	BR	marcel ps
kiyomasa1126	http://mii-images.cdn.nintendo.net/2kwxc3wzfe4xf_normal_face.png	JP	きよまさ
paulinaescobarl	http://mii-images.cdn.nintendo.net/2lufzh447vke1_normal_face.png	CL	Domingo
PikachuPlayer900	http://mii-images.cdn.nintendo.net/ti6q5w4mjyow_normal_face.png	MX	Evil tubby
Endertex	http://mii-images.cdn.nintendo.net/1ec33tg7kbwcc_normal_face.png	CA	eAzy
mavage	http://mii-images.cdn.nintendo.net/10889tlj5w7hi_normal_face.png	BR	teizo
Conducteur59220	http://mii-images.cdn.nintendo.net/3j9dhon5qevy4_normal_face.png	FR	Patrice
JoseEmilioPina	http://mii-images.cdn.nintendo.net/1xxg7etf7s90a_normal_face.png	MX	JoseEmilio
2007_martim	http://mii-images.cdn.nintendo.net/25r4r2622ce8q_normal_face.png	PT	gouveia
laurianne3774	http://mii-images.cdn.nintendo.net/3pkj21bd6t8g1_normal_face.png	FR	Laurianne
kei.hatano	http://mii-images.cdn.nintendo.net/1t35o1id7rg4r_normal_face.png	JP	けいと
gabrielkomljan	http://mii-images.cdn.nintendo.net/ksrloaukre7t_normal_face.png	BR	biel
supermom7	http://mii-images.cdn.nintendo.net/1tzp5eojsvoit_normal_face.png	US	MIKE
CHARGERTHEWOLF	http://mii-images.cdn.nintendo.net/a6r85zybm8pi_normal_face.png	US	Charger
mitsu2410	http://mii-images.cdn.nintendo.net/1ukekw6hjlkzw_normal_face.png	JP	ミーツー
PinkGrimcrafter0	http://mii-images.cdn.nintendo.net/1it7w4mn7567_normal_face.png	US	C.Grimcraf
gs7lq1pj	http://mii-images.cdn.nintendo.net/39654xigqchz7_normal_face.png	JP	ゆい
Super-Sonic-wiiu	http://mii-images.cdn.nintendo.net/306t775kdvms_normal_face.png	DE	levi
sakuraran108	http://mii-images.cdn.nintendo.net/2h9nrn8hg29z2_normal_face.png	JP	れんれん
bjflemming	http://mii-images.cdn.nintendo.net/2u9oo7no2x1hf_normal_face.png	CA	bernie
DEEBOY00	http://mii-images.cdn.nintendo.net/3ip2knmh8sp5a_normal_face.png	US	Alysse
simonswipe	http://mii-images.cdn.nintendo.net/31g8c39s3wkiy_normal_face.png	GB	bdog
EduardoSalinas1	http://mii-images.cdn.nintendo.net/1wofyz5v61d2d_normal_face.png	MX	LEOTS DIOS
jin-niko	http://mii-images.cdn.nintendo.net/2e4ksd1kua8zp_normal_face.png	JP	じんいちろう
taiyou.s1030	http://mii-images.cdn.nintendo.net/8l9tccbre95g_normal_face.png	JP	ぶちころぶちころあ.
teppiteppi161321	http://mii-images.cdn.nintendo.net/3gh1s6ghg4kzv_normal_face.png	JP	1コメさん
Sebou_79	http://mii-images.cdn.nintendo.net/2id9l007q9nol_normal_face.png	FR	sebastien
masashige0821	http://mii-images.cdn.nintendo.net/13dpwpq9xuo2l_normal_face.png	JP	まーくん
Carlitos0800	http://mii-images.cdn.nintendo.net/37jpcl0m5mxj5_normal_face.png	MX	Carlos
meteoro2006	http://mii-images.cdn.nintendo.net/27ivl0s1mk2l6_normal_face.png	HN	raix
Jubehnka	http://mii-images.cdn.nintendo.net/3877prpl7lida_normal_face.png	US	Dad
santaboom2004	http://mii-images.cdn.nintendo.net/1omiiioh2qf4f_normal_face.png	ES	Guille
Megantron6	http://mii-images.cdn.nintendo.net/1snsuxvxg74r9_normal_face.png	US	mjkk
marcelodosjogos	http://mii-images.cdn.nintendo.net/2oa6eg5itivku_normal_face.png	BR	emmanuel
tankmaster1991	http://mii-images.cdn.nintendo.net/3qmgz8b87dgh6_normal_face.png	US	Konata
xanderin27	http://mii-images.cdn.nintendo.net/whbdmffs46gf_normal_face.png	US	xander
238fumiyaman	http://mii-images.cdn.nintendo.net/20agzu0amc8i7_normal_face.png	JP	#BFF
hiroshi9438	http://mii-images.cdn.nintendo.net/4odem2tlhff_normal_face.png	JP	こまち(#´∀`#)
xakromthefox	http://mii-images.cdn.nintendo.net/w6j5g1ub0ep2_normal_face.png	US	Xakrom
Jerikob	http://mii-images.cdn.nintendo.net/2kegm3iu7lfh1_normal_face.png	US	Jerikob
morimorihiro	http://mii-images.cdn.nintendo.net/2iztvil9hz1cv_normal_face.png	JP	みゆ
cloneplex	http://mii-images.cdn.nintendo.net/235e7qop9yvb2_normal_face.png	CA	CLONE
soutashuuta	http://mii-images.cdn.nintendo.net/1bxz3spubcpsl_normal_face.png	JP	そうた
jhonjesus	http://mii-images.cdn.nintendo.net/1hamxutcaur03_normal_face.png	IT	violetta
Caro2075	http://mii-images.cdn.nintendo.net/1fill2v74gw3s_normal_face.png	JP	かるま
eisho7006	http://mii-images.cdn.nintendo.net/3n3iutcnccnev_normal_face.png	JP	えいしょ
momosaki1979	http://mii-images.cdn.nintendo.net/1thpovy8rju0r_normal_face.png	JP	ひろと
SORA-KABO	http://mii-images.cdn.nintendo.net/1c488m3jnu8z0_normal_face.png	JP	かおり
Deity666	http://mii-images.cdn.nintendo.net/ih8oiit8w2cs_normal_face.png	US	Deity
MF-PRINCESS	http://mii-images.cdn.nintendo.net/bme605hp4fre_normal_face.png	US	*LN*
guilherme2007	http://mii-images.cdn.nintendo.net/1dc6quovyjj0u_normal_face.png	BR	guilherme
Marioghost8	http://mii-images.cdn.nintendo.net/hfs7ajdbvkwd_normal_face.png	US	plumber
aureliamerg	http://mii-images.cdn.nintendo.net/qkvtmctudczo_normal_face.png	FR	aurelia
ldn2005	http://mii-images.cdn.nintendo.net/3hq0uwbwq8awh_normal_face.png	BR	Lele
muellner1988	http://mii-images.cdn.nintendo.net/qy57uipyzbdm_normal_face.png	AT	lukas
laurigula	http://mii-images.cdn.nintendo.net/dm7k6l6ebsq8_normal_face.png	ES	laurigula
XelonGamerYT	http://mii-images.cdn.nintendo.net/1lgfhjr76utei_normal_face.png	US	XelonGamer
CainL2007	http://mii-images.cdn.nintendo.net/18krii2rsm1g9_normal_face.png	MX	Cain
johnnybravo611	http://mii-images.cdn.nintendo.net/2pqrrvde2odij_normal_face.png	US	Johnny
BabyPanda4679	http://mii-images.cdn.nintendo.net/2his0dd0fg1t8_normal_face.png	GB	BabyPanda
KUSANAGI57227	http://mii-images.cdn.nintendo.net/3i8qnaeep3sw5_normal_face.png	JP	ひっと
0707kei	http://mii-images.cdn.nintendo.net/2maldcn5vbrx6_normal_face.png	JP	けいこ
nam215	http://mii-images.cdn.nintendo.net/lrjwkt3hzrnt_normal_face.png	JP	あっくん
9mitsu16	http://mii-images.cdn.nintendo.net/6o6zuaahm6gy_normal_face.png	JP	みつ
inocandy	http://mii-images.cdn.nintendo.net/v82b8u9ptxuc_normal_face.png	JP	inocandy
maira78	http://mii-images.cdn.nintendo.net/3gr0kfkof1gsr_normal_face.png	BR	lucas2006
dellbox2	http://mii-images.cdn.nintendo.net/1pj47x5h4f36d_normal_face.png	JP	タカ2
maleflat	http://mii-images.cdn.nintendo.net/9ifcar73qv0o_normal_face.png	JP	オムライス
komachanekubo	http://mii-images.cdn.nintendo.net/3camozzp4z4yi_normal_face.png	JP	こうた
PuggHolz	http://mii-images.cdn.nintendo.net/23ydeg1fedqq2_normal_face.png	AU	Chase
haruharu2008nen	http://mii-images.cdn.nintendo.net/1g6euhsnr0a1k_normal_face.png	JP	はると
ShinyEevee42	http://mii-images.cdn.nintendo.net/2lykj9otlp4pu_normal_face.png	US	ShinyEevee
WUP-300	http://mii-images.cdn.nintendo.net/2lje9nmkvwe0f_normal_face.png	US	James 
jeo2010	http://mii-images.cdn.nintendo.net/3iz620pte08uq_normal_face.png	US	jeo
edmlife14	http://mii-images.cdn.nintendo.net/2h6tsyimjsse4_normal_face.png	US	Liam
h.kiichiro	http://mii-images.cdn.nintendo.net/3dh5onsx5etvs_normal_face.png	JP	きいちろう
finestfamily	http://mii-images.cdn.nintendo.net/utdnn2xp7hrl_normal_face.png	JP	ズームイン
suzu84hisa422	http://mii-images.cdn.nintendo.net/5dcg21byvwft_normal_face.png	JP	ひろ
gdogawesome	http://mii-images.cdn.nintendo.net/6v2iimj7r381_normal_face.png	US	Claire :)
icedavis	http://mii-images.cdn.nintendo.net/2ux4qqd3o7xz7_normal_face.png	GB	GEORGE
Boaxander	http://mii-images.cdn.nintendo.net/12v1s2kww726d_normal_face.png	US	Bobby
happy-life.5353	http://mii-images.cdn.nintendo.net/3bnrttq3htnlj_normal_face.png	JP	【ņöà】
joao_vitor_nrv	http://mii-images.cdn.nintendo.net/zg2meyat2abi_normal_face.png	BR	joao
DiegoFunny	http://mii-images.cdn.nintendo.net/334tcz7f37lsl_normal_face.png	DE	Peter
nanapaparandy	http://mii-images.cdn.nintendo.net/2bfonq3hrftqj_normal_face.png	US	ramdy.c
Pelita08	http://mii-images.cdn.nintendo.net/j3mtipra7v11_normal_face.png	MX	Pelita
BoxyLight281	http://mii-images.cdn.nintendo.net/1xvh2dgx5pg53_normal_face.png	US	jrx15
Hallwiinetwork	http://mii-images.cdn.nintendo.net/g4zv24ekmdw7_normal_face.png	GB	James
daniwojcik	http://mii-images.cdn.nintendo.net/3ddkwk037dp8o_normal_face.png	PL	iiwii
umbelina	http://mii-images.cdn.nintendo.net/1ecuzojq9orq0_normal_face.png	BR	Gigi Cravo
masatakuharuaka	http://mii-images.cdn.nintendo.net/xondp4wyvngq_normal_face.png	JP	たくみ
pseudohaiku	http://mii-images.cdn.nintendo.net/h5lhxp2beam5_normal_face.png	AU	nurvss
errtyvc	http://mii-images.cdn.nintendo.net/39g4ho7ub2vng_normal_face.png	JP	ゆうご
Theponchi-pop	http://mii-images.cdn.nintendo.net/2x04tqa6b7899_normal_face.png	CL	alfonso
Yositugu4423	http://mii-images.cdn.nintendo.net/35cfsf6i4sz49_normal_face.png	JP	ヨッシー
Thiagoyumura	http://mii-images.cdn.nintendo.net/3rs0384bxe6h2_normal_face.png	JP	THA.THI
AYUSUKE102	http://mii-images.cdn.nintendo.net/1qitua518klbh_normal_face.png	JP	とも
yskwkyk	http://mii-images.cdn.nintendo.net/abzhs6l9aw34_normal_face.png	JP	グール.KY
sirclassy	http://mii-images.cdn.nintendo.net/382nb3xephf10_normal_face.png	AU	Lasercorn
IKE0807	http://mii-images.cdn.nintendo.net/fla66ns4o71w_normal_face.png	JP	オオカミ
brice2.0kds	http://mii-images.cdn.nintendo.net/3nypz8t7uq5rj_normal_face.png	FR	Brice
kana-kanappi	http://mii-images.cdn.nintendo.net/dn13dk4vumdk_normal_face.png	JP	かなと
FredWrex	http://mii-images.cdn.nintendo.net/2er1b18gwpqhe_normal_face.png	US	random man
FozenForest	http://mii-images.cdn.nintendo.net/2exgqwv5jmxll_normal_face.png	CA	luke
rebartlett	http://mii-images.cdn.nintendo.net/2zbfmkuxyupzp_normal_face.png	GB	Rick
asqweoncbmldvzxi	http://mii-images.cdn.nintendo.net/1174of1ke6cn2_normal_face.png	JP	ゆうが
millerfam11	http://mii-images.cdn.nintendo.net/2fqdazwmi7e24_normal_face.png	US	evan
D0MVADER	http://mii-images.cdn.nintendo.net/2x6svey8ckunh_normal_face.png	CA	Dominic
vicentex3110	http://mii-images.cdn.nintendo.net/1t5xmxn8dzwee_normal_face.png	BR	vicente
bmhasher	http://mii-images.cdn.nintendo.net/2grqe1ywhrpcv_normal_face.png	US	Luke
SuperSBB14	http://mii-images.cdn.nintendo.net/2d65vqjml0fc6_normal_face.png	MX	LuisE242
spiderdiegoman	http://mii-images.cdn.nintendo.net/ar7sk612yw6_normal_face.png	MX	diegales
axel_ramirz	http://mii-images.cdn.nintendo.net/3lzllfr7z5lup_normal_face.png	MX	pollito
alansito18	http://mii-images.cdn.nintendo.net/21qzs7vpfxbhy_normal_face.png	MX	alansito
PuppetBull	http://mii-images.cdn.nintendo.net/193ruswk2rvoj_normal_face.png	US	JuanR
amishman23	http://mii-images.cdn.nintendo.net/ecs4rhvyffbc_normal_face.png	US	PlatyGames
alohi0320	http://mii-images.cdn.nintendo.net/t55t563yd88h_normal_face.png	US	lizerd leg
HandsomeGuy1983	http://mii-images.cdn.nintendo.net/3p3mh61dlqrfy_normal_face.png	AU	Spielberg
Gravejigga	http://mii-images.cdn.nintendo.net/1pxwflzdixm5v_normal_face.png	SE	Gravejigga
basuke.mth	http://mii-images.cdn.nintendo.net/2srw0okj2f10i_normal_face.png	JP	　
oosakamiyako	http://mii-images.cdn.nintendo.net/269310eawnxas_normal_face.png	JP	DarthVader
granmencey	http://mii-images.cdn.nintendo.net/2n8wjlhzzr9v_normal_face.png	ES	Luis
ae86redtreno	http://mii-images.cdn.nintendo.net/hdvv93i0tv88_normal_face.png	JP	しょうじ
monkeyman1999	http://mii-images.cdn.nintendo.net/3ugd332td39nc_normal_face.png	US	Bobby
sughdude	http://mii-images.cdn.nintendo.net/n2fhaqvxx7u6_normal_face.png	US	TerraDude
hagen2277	http://mii-images.cdn.nintendo.net/bpsmwluugi3l_normal_face.png	US	Sunshine
itsxsamm	http://mii-images.cdn.nintendo.net/n5gbtfve9ew4_normal_face.png	US	someone
13juanan	http://mii-images.cdn.nintendo.net/24z8inu8auchi_normal_face.png	ES	Juan
dimitreeey	http://mii-images.cdn.nintendo.net/2vw7t3pgxuyoa_normal_face.png	BR	jp
NNID.Dougherty	http://mii-images.cdn.nintendo.net/3vwoy077s2v20_normal_face.png	US	Cole
hakko1185	http://mii-images.cdn.nintendo.net/3o1gpc61wsgvc_normal_face.png	JP	もやし
brandon1960	http://mii-images.cdn.nintendo.net/3ey21evcqmlrq_normal_face.png	US	brandman
ParkerT07	http://mii-images.cdn.nintendo.net/2901rioneg0d7_normal_face.png	US	PARKER
owenland	http://mii-images.cdn.nintendo.net/u51z069vc8sm_normal_face.png	US	Obot
danigaralaimo	http://mii-images.cdn.nintendo.net/on7vh394z0n0_normal_face.png	ES	Dani
ebetharoo	http://mii-images.cdn.nintendo.net/1p9900fxzi3n2_normal_face.png	US	Beth
mhdid12	http://mii-images.cdn.nintendo.net/22d03i5o8toes_normal_face.png	US	juan jose
mako752318	http://mii-images.cdn.nintendo.net/201pbkilmmh74_normal_face.png	JP	maa
bowser.scott	http://mii-images.cdn.nintendo.net/1lf22asfd2hx7_normal_face.png	US	channing
xMUFFYx	http://mii-images.cdn.nintendo.net/1udlkn1vm71pr_normal_face.png	US	Muffy
Davemshow96	http://mii-images.cdn.nintendo.net/26gca9eaoerb2_normal_face.png	CA	dave
Iron_Dashiell	http://mii-images.cdn.nintendo.net/iorcx7xbmq5u_normal_face.png	US	Dash
CAPdabest1	http://mii-images.cdn.nintendo.net/21jyypxn5sluy_normal_face.png	US	esequiel
TicoTecoTaco	http://mii-images.cdn.nintendo.net/110fh4p07x9if_normal_face.png	BR	Csillag
alanwolf	http://mii-images.cdn.nintendo.net/1ic0a7kq456re_normal_face.png	BR	Alan
mrjipvh	http://mii-images.cdn.nintendo.net/23kjdmt4ckbox_normal_face.png	NL	Jipvh
nayuta1206	http://mii-images.cdn.nintendo.net/2huzta7xekc00_normal_face.png	JP	スーパーソウル
tokiai1213	http://mii-images.cdn.nintendo.net/7jaz1j5yyagv_normal_face.png	JP	ときや
shadygrove	http://mii-images.cdn.nintendo.net/1ml5x3ij4lk5l_normal_face.png	US	bigeye
hidariihide	http://mii-images.cdn.nintendo.net/2r8fh6dbl5i3k_normal_face.png	JP	【ひでちゃん】®
jjoymac	http://mii-images.cdn.nintendo.net/3elmvq1dw6mq6_normal_face.png	US	mac
ferni13	http://mii-images.cdn.nintendo.net/336hvs25q6uol_normal_face.png	MX	ferni
Amilcar2016	http://mii-images.cdn.nintendo.net/1b7feyopr5hc5_normal_face.png	US	AmlcarTmmy
yoppi-105	http://mii-images.cdn.nintendo.net/2dpi6q8tgn7gr_normal_face.png	JP	よしひろ
itabashinosora	http://mii-images.cdn.nintendo.net/22lggmxvtn97v_normal_face.png	JP	あーはい、えーはい、
rabbit.12stars	http://mii-images.cdn.nintendo.net/2zuew35s98p4i_normal_face.png	JP	ぱぱ
gotenks13	http://mii-images.cdn.nintendo.net/112vufb1z86s1_normal_face.png	US	Ivan
ryo063	http://mii-images.cdn.nintendo.net/24zfws1tzpqdl_normal_face.png	JP	RYO
Johan3110	http://mii-images.cdn.nintendo.net/3o4w9c8tf1phx_normal_face.png	MX	Johan
SU0828	http://mii-images.cdn.nintendo.net/3tn9i4acwrih6_normal_face.png	JP	アシュリー
Pooh9403	http://mii-images.cdn.nintendo.net/z1ci50t41jd0_normal_face.png	JP	ナガ
uehr4649	http://mii-images.cdn.nintendo.net/1nbeee22lig4m_normal_face.png	JP	おたイカ
Rhadek	http://mii-images.cdn.nintendo.net/irn1jsmwpjlw_normal_face.png	SE	Rhade
Tweekman	http://mii-images.cdn.nintendo.net/1l5rb6si1a0qf_normal_face.png	BR	GE☆Leo
lukengl	http://mii-images.cdn.nintendo.net/2mkfi98tfr36y_normal_face.png	BR	Luciano
Sendar21	http://mii-images.cdn.nintendo.net/3huyhh3388ycp_normal_face.png	MX	Sendar
MaxLary	http://mii-images.cdn.nintendo.net/36ic39212j13b_normal_face.png	US	Yudi
SupremeToaster	http://mii-images.cdn.nintendo.net/18d6wou46iql2_normal_face.png	US	Sal
eimeej	http://mii-images.cdn.nintendo.net/31rhcb833kjyw_normal_face.png	JP	はな
JulioMega	http://mii-images.cdn.nintendo.net/245b6imv1yz2h_normal_face.png	CA	JulioMegax
Meghabert	http://mii-images.cdn.nintendo.net/23wb357wydjtu_normal_face.png	US	Salt Lake
JadedGamer	http://mii-images.cdn.nintendo.net/p4aedgxhn1eb_normal_face.png	US	Samuraian
PrinceArcturus	http://mii-images.cdn.nintendo.net/r8e5ucv1eadb_normal_face.png	US	Kelly
Retrollplay	http://mii-images.cdn.nintendo.net/3nparier03qf_normal_face.png	MX	Randy◆SBP◆
TehDantay	http://mii-images.cdn.nintendo.net/36dpkx3tvh4sb_normal_face.png	US	Dantay
hatchmaster	http://mii-images.cdn.nintendo.net/139szi26f27q6_normal_face.png	US	Hatch
DURACELL25849	http://mii-images.cdn.nintendo.net/1my1vi4m48dxu_normal_face.png	US	Rafael
MinhaMaeebonita9	http://mii-images.cdn.nintendo.net/2ylbttx1vltt7_normal_face.png	CA	Isaque
Lingpling	http://mii-images.cdn.nintendo.net/22a66xk4wo297_normal_face.png	SE	Lingpling
iortiz84	http://mii-images.cdn.nintendo.net/49ijndses7l0_normal_face.png	MX	daniel
yohsuke1977	http://mii-images.cdn.nintendo.net/t2rubipffv1s_normal_face.png	JP	あかね
HotSuace	http://mii-images.cdn.nintendo.net/1d0u0n27wioji_normal_face.png	CA	Nuggets
PIGGY.LOQUENDERO	http://mii-images.cdn.nintendo.net/1xhj3qk7suvu8_normal_face.png	CL	francisco
brayer.souza	http://mii-images.cdn.nintendo.net/jqxzj9c0o3jc_normal_face.png	BR	Brayer
donkeykongrules	http://mii-images.cdn.nintendo.net/23b0o4ho57suw_normal_face.png	US	Hannah
HailSatan.com	http://mii-images.cdn.nintendo.net/154b7h6m94qtk_normal_face.png	US	homosapion
woodbottle	http://mii-images.cdn.nintendo.net/o6jkqlu43h0z_normal_face.png	JP	WoodBottle
jeanbatman59700	http://mii-images.cdn.nintendo.net/2alouu5imjoet_normal_face.png	FR	jeanbatman
mottomp	http://mii-images.cdn.nintendo.net/4anwrwbo8cx0_normal_face.png	DE	Feschwuddl
RubikSolver1028	http://mii-images.cdn.nintendo.net/4obfcy3wn06d_normal_face.png	US	SoundGuy
Benjamin.A2005	http://mii-images.cdn.nintendo.net/2732p9yt5eeok_normal_face.png	US	Benjamin
MechaGazelle	http://mii-images.cdn.nintendo.net/2vi56olsrzt2o_normal_face.png	US	Shawn
Jakebailey	http://mii-images.cdn.nintendo.net/172z8z9yuc0yv_normal_face.png	US	ρгσ☆Jαкε♂♪
1splee16	http://mii-images.cdn.nintendo.net/30detjwba9ce6_normal_face.png	US	Grant
pablomontielreis	http://mii-images.cdn.nintendo.net/59lcw9268ypv_normal_face.png	BR	binho
Zizzyboy	http://mii-images.cdn.nintendo.net/1f9rskictc1o3_normal_face.png	US	Zizzy boy.
makoto-ryouhei	http://mii-images.cdn.nintendo.net/woabat4w1ups_normal_face.png	JP	Rh15Z
Unaveragej0e	http://mii-images.cdn.nintendo.net/1q4zt2h97jn8o_normal_face.png	US	Adam69
vancey2k15	http://mii-images.cdn.nintendo.net/3771vj0revufk_normal_face.png	GB	Chris
asahimama0629	http://mii-images.cdn.nintendo.net/1pjct4h81pwkl_normal_face.png	JP	あさひ
Joey_Liverwurst	http://mii-images.cdn.nintendo.net/7p49aslq6k37_normal_face.png	US	Liverwurst
isaaactorres	http://mii-images.cdn.nintendo.net/1cv39i39zrm5g_normal_face.png	MX	Isaac♪
ThirdMan333	http://mii-images.cdn.nintendo.net/1k3gvxqpkecy9_normal_face.png	CA	ThirdMan
SIZUE4	http://mii-images.cdn.nintendo.net/kebbe9g30l52_normal_face.png	JP	おれきんぐ
Pokes_WiiU	http://mii-images.cdn.nintendo.net/32das5gzqbc6_normal_face.png	GB	Aaron
IsaacRay2010	http://mii-images.cdn.nintendo.net/pfpisymlcdlf_normal_face.png	US	Ray
takaaki.s.169.58	http://mii-images.cdn.nintendo.net/1wdtw985kamc5_normal_face.png	JP	ヘンリー
88mugendai88	http://mii-images.cdn.nintendo.net/qln8za6natnp_normal_face.png	JP	かつどん
soutayasu	http://mii-images.cdn.nintendo.net/ng7lx24bzbk7_normal_face.png	JP	そうた
Sandeep109	http://mii-images.cdn.nintendo.net/20770lace4dow_normal_face.png	DE	Sandeep
RYOUGA705	http://mii-images.cdn.nintendo.net/1bdvpkew4ozbd_normal_face.png	JP	リョウガ
msknsm0405	http://mii-images.cdn.nintendo.net/517505osvdxf_normal_face.png	JP	かつあき
shimidos32	http://mii-images.cdn.nintendo.net/3qe4gqe56xa9w_normal_face.png	US	Sherbert
juvedp10	http://mii-images.cdn.nintendo.net/3dgktjm3lvyox_normal_face.png	AU	cristiano
moja22	http://mii-images.cdn.nintendo.net/jtq1evcri3i5_normal_face.png	JP	あつひと
Shadowmugged	http://mii-images.cdn.nintendo.net/23hx6rd7ctczj_normal_face.png	GB	snep
5Suketaberu	http://mii-images.cdn.nintendo.net/huert6si2n5q_normal_face.png	JP	ゆっくん
wish7041siro	http://mii-images.cdn.nintendo.net/32w0ryzeva0ic_normal_face.png	JP	Hela,Dゼノ
Kastrup1983	http://mii-images.cdn.nintendo.net/8q8whr0pvvb1_normal_face.png	DK	Kastrup
sukedai-joho	http://mii-images.cdn.nintendo.net/37a65lx81rxs7_normal_face.png	JP	だいちゃん
pajarita114	http://mii-images.cdn.nintendo.net/3a323bvc9pvpz_normal_face.png	US	Bri
SUPERSONIC.VELOZ	http://mii-images.cdn.nintendo.net/ru2umyygv515_normal_face.png	ES	HECTOR
haru.nigiri	http://mii-images.cdn.nintendo.net/eibgbljad6nq_normal_face.png	JP	harunigiri
YATARO_i	http://mii-images.cdn.nintendo.net/2kvsirug20jo5_normal_face.png	JP	やたろう
youcoon	http://mii-images.cdn.nintendo.net/2tmujr8vokoo6_normal_face.png	JP	ゆう
ayako6338	http://mii-images.cdn.nintendo.net/27ndkiyffyolu_normal_face.png	JP	まこりん
kaikai712	http://mii-images.cdn.nintendo.net/3ns404yi0php5_normal_face.png	JP	かいと
OOMORIAGATA	http://mii-images.cdn.nintendo.net/xba046vq9km6_normal_face.png	JP	まさし
stb81fdy6vdf5sv7	http://mii-images.cdn.nintendo.net/1pctp1y5pyk19_normal_face.png	JP	。。。。。。。。。。
sgk0228	http://mii-images.cdn.nintendo.net/377p8pkh2b6w5_normal_face.png	JP	sgk
Wisperinglisper	http://mii-images.cdn.nintendo.net/15f3m2y3upp2k_normal_face.png	US	Wisplisp
386594	http://mii-images.cdn.nintendo.net/2y48qsljl1z23_normal_face.png	US	βόόдϊё
gabrielmario	http://mii-images.cdn.nintendo.net/33dizl9qxlo1m_normal_face.png	BE	Gabriel
Nebelus	http://mii-images.cdn.nintendo.net/2x4ik028l7p3i_normal_face.png	US	Jesse
rikumalio0077	http://mii-images.cdn.nintendo.net/2yod49h0sk0mu_normal_face.png	JP	KURI♪くり!！！
eric.8	http://mii-images.cdn.nintendo.net/1uovd86ema96c_normal_face.png	ES	cuco
take0106n46	http://mii-images.cdn.nintendo.net/3u1pvydvs9vzl_normal_face.png	JP	take
takoyan123	http://mii-images.cdn.nintendo.net/2q8ztb48q79iz_normal_face.png	JP	ryota
omuraisu0623	http://mii-images.cdn.nintendo.net/1c1g8yyk49hkl_normal_face.png	JP	やまだ
ayaneru01205	http://mii-images.cdn.nintendo.net/c91o64v9gg6b_normal_face.png	JP	ミットュー
shinfamily	http://mii-images.cdn.nintendo.net/209pi68zb11ts_normal_face.png	JP	クラッシュ
happy-7610	http://mii-images.cdn.nintendo.net/32x6ab4idr114_normal_face.png	JP	アッスーくん
wawawanaonao	http://mii-images.cdn.nintendo.net/1z0841mxtx766_normal_face.png	JP	てすと
3bros_04	http://mii-images.cdn.nintendo.net/3cno8sipaq3ma_normal_face.png	JP	しげる
TTtcGH	http://mii-images.cdn.nintendo.net/25eimcowznmkn_normal_face.png	JP	みほしゃん
saint.reserve	http://mii-images.cdn.nintendo.net/193dbdb9e7ano_normal_face.png	US	st.reserve
Im.Hip800	http://mii-images.cdn.nintendo.net/3oypa6k405ya_normal_face.png	US	HipFan
maggara666	http://mii-images.cdn.nintendo.net/14caef434yjr0_normal_face.png	FI	kurotora
orange616	http://mii-images.cdn.nintendo.net/2gp0iz97ipemg_normal_face.png	MX	orange616
Guzzy1	http://mii-images.cdn.nintendo.net/jyq2n8kdy9eh_normal_face.png	FR	Bad Wolf
johnbartlett	http://mii-images.cdn.nintendo.net/o48g7q7j38lv_normal_face.png	US	john
Capt.Dad2	http://mii-images.cdn.nintendo.net/2vyvu6yy8qide_normal_face.png	US	YT: LGZ
NinThumbYT-L	http://mii-images.cdn.nintendo.net/v518jqeww5yo_normal_face.png	US	NinThumbYT
777Blue	http://mii-images.cdn.nintendo.net/3i6la3ou1w97b_normal_face.png	DE	YT_BlueX2
WiLLiam_7077	http://mii-images.cdn.nintendo.net/271hiw478woo4_normal_face.png	US	WiLL
RZudomon	http://mii-images.cdn.nintendo.net/w23b6ivknqsq_normal_face.png	US	Zudomon
Limoeiro	http://mii-images.cdn.nintendo.net/3befu1y1slg2p_normal_face.png	BR	Zadiee
Adeadflyy	http://mii-images.cdn.nintendo.net/21gwdun8nl4pe_normal_face.png	US	Adeadflyy
Tubby199	http://mii-images.cdn.nintendo.net/3mo5qnnym1rwz_normal_face.png	US	tubby
naddict00	http://mii-images.cdn.nintendo.net/1fir95uxnc4u0_normal_face.png	US	NAddict00
dad520	http://mii-images.cdn.nintendo.net/37nhlyjrfuzzm_normal_face.png	US	Bengamein
SirfutYoutube	http://mii-images.cdn.nintendo.net/36a8glj403oon_normal_face.png	US	Sirfut
mareksz	http://mii-images.cdn.nintendo.net/1e3zec8cx7mgg_normal_face.png	IE	marek
mistermobile	http://mii-images.cdn.nintendo.net/9gpywvjxatp2_normal_face.png	US	Lantis
Nadynarok	http://mii-images.cdn.nintendo.net/2b8xzzfxp06pd_normal_face.png	BR	Rafael
Michi-Morde	http://mii-images.cdn.nintendo.net/okhvx57dnqtx_normal_face.png	MX	MichiMorde
Josua06	http://mii-images.cdn.nintendo.net/34d35cun875wb_normal_face.png	DE	Jojo
Leffesaurus	http://mii-images.cdn.nintendo.net/14axzn3cdtkzs_normal_face.png	DK	Blue Leffe
tyLAR86	http://mii-images.cdn.nintendo.net/3an98cfclk1ie_normal_face.png	US	Tyler
eduardoreizinho	http://mii-images.cdn.nintendo.net/i8fuc9u1ru71_normal_face.png	CA	Eduardo
kaitosorahinata	http://mii-images.cdn.nintendo.net/3ueoktvwl1lv6_normal_face.png	JP	かい
DANEXCITY	http://mii-images.cdn.nintendo.net/1ijlaoa301jmp_normal_face.png	ES	LILI
WIIUREOLI79	http://mii-images.cdn.nintendo.net/2kb9gjb28a0de_normal_face.png	US	Renata
MarcoSaumer	http://mii-images.cdn.nintendo.net/2n674m51jz5ve_normal_face.png	DE	Nin★Мarco
gogobirds	http://mii-images.cdn.nintendo.net/3j6hacetjqiyq_normal_face.png	US	T
miiasgsj	http://mii-images.cdn.nintendo.net/1dcbs72w6vfqg_normal_face.png	US	Splatevuts
gus.azv	http://mii-images.cdn.nintendo.net/1um0b1ar3jv24_normal_face.png	US	Guto
MrCheesehed1000	http://mii-images.cdn.nintendo.net/r2ozni00gq0v_normal_face.png	US	Ryan
gugugameboy	http://mii-images.cdn.nintendo.net/3fpnlyofand9x_normal_face.png	PT	Portuga
aaaaaooooooooooi	http://mii-images.cdn.nintendo.net/2dlws4hzc85ki_normal_face.png	JP	あおい
superZ05	http://mii-images.cdn.nintendo.net/3ep9otndxzdt6_normal_face.png	SE	Zack
Oliver1009	http://mii-images.cdn.nintendo.net/2c507miaj6jj_normal_face.png	DE	Disgusting
shusei1205	http://mii-images.cdn.nintendo.net/3mq22t9xuvh2m_normal_face.png	JP	しゆーせ
ross03	http://mii-images.cdn.nintendo.net/2js5flhd3nmua_normal_face.png	IE	kingmark
Bloorose	http://mii-images.cdn.nintendo.net/232zdm6o1ae2q_normal_face.png	US	PotatoChip
adsosabado	http://mii-images.cdn.nintendo.net/2966sboqp1144_normal_face.png	BR	Sabado
Danilo2506	http://mii-images.cdn.nintendo.net/346hgroqci30l_normal_face.png	MX	Champi
REM-O-SHINE	http://mii-images.cdn.nintendo.net/2mu3pv0of0qq8_normal_face.png	MX	TYRELFENIX
Tdiggity13	http://mii-images.cdn.nintendo.net/p3w0fji8j4xf_normal_face.png	US	Tito
B4N4N4	http://mii-images.cdn.nintendo.net/2o6xtpjyjfhg3_normal_face.png	US	B4N4N4
YvetteMack	http://mii-images.cdn.nintendo.net/2gidpg1wa96v9_normal_face.png	US	Rj 
MCWuk1985	http://mii-images.cdn.nintendo.net/kmnl4hzmpmn6_normal_face.png	GB	MCW UK
Norakta	http://mii-images.cdn.nintendo.net/vmig5fkkugi8_normal_face.png	FR	Norakta
nduke32	http://mii-images.cdn.nintendo.net/3s96pfg3pumr8_normal_face.png	US	nick
superscopexiii	http://mii-images.cdn.nintendo.net/x4g9z1sqydtr_normal_face.png	US	SuperScope
mirageman	http://mii-images.cdn.nintendo.net/1f9pyvm1szu5m_normal_face.png	CA	Mirage
BlasterGX	http://mii-images.cdn.nintendo.net/2qeyiq7tfwzy2_normal_face.png	MX	Ian
c0ldzc	http://mii-images.cdn.nintendo.net/d3hxirvux61f_normal_face.png	GB	c0ld
BachBR	http://mii-images.cdn.nintendo.net/3ck4u4nldexjo_normal_face.png	BR	Bach
DarkJake13	http://mii-images.cdn.nintendo.net/3kcjxj6l4jobo_normal_face.png	US	DarkJake13
t3hIcy	http://mii-images.cdn.nintendo.net/1kwwj190ljpi2_normal_face.png	CA	Icy
NoNames3	http://mii-images.cdn.nintendo.net/14ro9zn2q248h_normal_face.png	US	Gene
CosmicSquirrel	http://mii-images.cdn.nintendo.net/hh92rzr4zg8p_normal_face.png	GB	Darhkwing
Katzzzz	http://mii-images.cdn.nintendo.net/1lyagj38gdu9h_normal_face.png	DE	Katz
stoneru486	http://mii-images.cdn.nintendo.net/2tw5yoxc2mni8_normal_face.png	US	stone486
Terryh2	http://mii-images.cdn.nintendo.net/1urhca995hme6_normal_face.png	US	Terry
Bibibombinha	http://mii-images.cdn.nintendo.net/334xieu4iodiq_normal_face.png	BR	Bibi
SalmonTeeShirt	http://mii-images.cdn.nintendo.net/biy0hntyvfjl_normal_face.png	US	Kaiyote87
Bubucat13	http://mii-images.cdn.nintendo.net/16jk7juzfssw9_normal_face.png	US	Lilli Boo
Enderman494	http://mii-images.cdn.nintendo.net/2czgvosuip0d7_normal_face.png	FI	Jump
stevante8	http://mii-images.cdn.nintendo.net/j1cf47041rox_normal_face.png	US	steve
j0binett	http://mii-images.cdn.nintendo.net/22eqoge1xgz94_normal_face.png	US	JohnnyZ
bubu_black_cat	http://mii-images.cdn.nintendo.net/sbj6xsz4xzfl_normal_face.png	JP	じょういち
changara2	http://mii-images.cdn.nintendo.net/1u0ci2gsn1ys_normal_face.png	JP	ちやんがら
laxgirl1138	http://mii-images.cdn.nintendo.net/2xddqnmmfwo_normal_face.png	US	Sophia
nibroc420	http://mii-images.cdn.nintendo.net/27ev9ywoffesu_normal_face.png	US	Gavin
champywhoowah	http://mii-images.cdn.nintendo.net/3jeo4xelij4hh_normal_face.png	GB	callum
BravoCharlie76	http://mii-images.cdn.nintendo.net/1h3msmoh85512_normal_face.png	AU	Dad
mrparkerman	http://mii-images.cdn.nintendo.net/1lvr5va2gm2h4_normal_face.png	US	spiderman
hoomii	http://mii-images.cdn.nintendo.net/2zm9sdc2gsd5v_normal_face.png	JP	ほづき
josephandbennett	http://mii-images.cdn.nintendo.net/4j5u5nb7kw2k_normal_face.png	CA	joe
psycoma	http://mii-images.cdn.nintendo.net/1pictslqoejoi_normal_face.png	DE	Alex
proflegend	http://mii-images.cdn.nintendo.net/11fvkefuq0udd_normal_face.png	GB	Prof Macln
Tobsfish	http://mii-images.cdn.nintendo.net/v5fwdtfutikt_normal_face.png	AU	Toby
MarioE974	http://mii-images.cdn.nintendo.net/1nhhst0jshi2m_normal_face.png	FR	eliott
ThinkGreenTubeHD	http://mii-images.cdn.nintendo.net/1v6md8pld7ts3_normal_face.png	US	Keenan
jjrod1214	http://mii-images.cdn.nintendo.net/2kyuhji4qy72x_normal_face.png	US	Resbambi
huntorama	http://mii-images.cdn.nintendo.net/3ifl8bhsx5aa5_normal_face.png	US	joshington
gravityman	http://mii-images.cdn.nintendo.net/m149libzqva_normal_face.png	JP	ヒデ
BroBrew	http://mii-images.cdn.nintendo.net/cy7u4wf1k4jh_normal_face.png	US	BRO
leandro1010	http://mii-images.cdn.nintendo.net/10kieex3h6b6u_normal_face.png	DE	Le
jimmyj2007	http://mii-images.cdn.nintendo.net/lo7a0axrxuo7_normal_face.png	GB	jimmy
kawano0916	http://mii-images.cdn.nintendo.net/ovjf16nanv5x_normal_face.png	JP	たか
kimbob1111	http://mii-images.cdn.nintendo.net/2ip3cz1rtaz8n_normal_face.png	US	kimbob
kylcor	http://mii-images.cdn.nintendo.net/2newnr1mh83d8_normal_face.png	US	Kyle792
Coolskeleton956	http://mii-images.cdn.nintendo.net/37lh7yql803b6_normal_face.png	US	Soldier
KAZUNEGU	http://mii-images.cdn.nintendo.net/3214joav0dehs_normal_face.png	JP	かず
CptFluffyUnicorn	http://mii-images.cdn.nintendo.net/2pummh7n1lvsc_normal_face.png	DE	Cpt.Fluffy
wurstwassereis88	http://mii-images.cdn.nintendo.net/3kii1wz0bheeu_normal_face.png	DE	würstli
sakuuuuuura	http://mii-images.cdn.nintendo.net/29gxtyb08wz1t_normal_face.png	JP	さくさく♪
Prisia	http://mii-images.cdn.nintendo.net/1hh56lwoxv3ip_normal_face.png	JP	プリシア
harurumi	http://mii-images.cdn.nintendo.net/23j4hfhx2ro6s_normal_face.png	JP	はるき
muireallcos	http://mii-images.cdn.nintendo.net/1zlvp61hgj8x0_normal_face.png	GB	Muireall
Sachadurand	http://mii-images.cdn.nintendo.net/1m5ka27ioq3q2_normal_face.png	FR	Sacha
skully1979	http://mii-images.cdn.nintendo.net/286ncrhd4pt6i_normal_face.png	US	Nicholas
WillaFear	http://mii-images.cdn.nintendo.net/omd4euxahwxh_normal_face.png	US	Willa
iluvred	http://mii-images.cdn.nintendo.net/1u6vaoqjxgzki_normal_face.png	US	Tati
bhps1977	http://mii-images.cdn.nintendo.net/15lj6za9sy02e_normal_face.png	GB	brandon
toypu-fan53	http://mii-images.cdn.nintendo.net/rgsn8xfl6qb2_normal_face.png	JP	りーちゃん
keigo-tamu	http://mii-images.cdn.nintendo.net/1z2f0ejlp37uu_normal_face.png	JP	さいきょう
alex22607	http://mii-images.cdn.nintendo.net/psv8zkcjtu98_normal_face.png	DE	inklink
ryunosukekojiro	http://mii-images.cdn.nintendo.net/8zbp97mdaqb8_normal_face.png	JP	ぱぱ
MASAKITI0308	http://mii-images.cdn.nintendo.net/24kerbwjd2ct_normal_face.png	JP	まさき
kkrkt-family	http://mii-images.cdn.nintendo.net/2pobhmfb5gqr8_normal_face.png	JP	かよう
yuigaramuruka	http://mii-images.cdn.nintendo.net/29fve75io5qe0_normal_face.png	JP	ユイガマスター
Titisara1907	http://mii-images.cdn.nintendo.net/31amrhgzsws7_normal_face.png	FR	Tiffany
hamunou0321	http://mii-images.cdn.nintendo.net/6368hot8tyrh_normal_face.png	JP	わーお(^_^)
SethVader	http://mii-images.cdn.nintendo.net/txq7p4ose6qf_normal_face.png	US	Sethy
pattymack12345	http://mii-images.cdn.nintendo.net/63w8x42wr2ec_normal_face.png	US	Mac
firas92	http://mii-images.cdn.nintendo.net/u5miwigcglag_normal_face.png	DE	maboiweelz
honda_rry	http://mii-images.cdn.nintendo.net/tx3hip8awdom_normal_face.png	JP	ムササビン
Chine1979	http://mii-images.cdn.nintendo.net/qvgwgmc2vg78_normal_face.png	FR	Chine
cody4201	http://mii-images.cdn.nintendo.net/1ov872lfknp3n_normal_face.png	US	tori
AlexandreL14	http://mii-images.cdn.nintendo.net/fr0mvkjvl2z6_normal_face.png	CA	Alexandre
hiroking1007	http://mii-images.cdn.nintendo.net/i7cd1r0c2vql_normal_face.png	JP	はるま
kon102	http://mii-images.cdn.nintendo.net/ll5jqwusrt13_normal_face.png	JP	たみお
wyliecrew2984	http://mii-images.cdn.nintendo.net/19qfdtb6i5zw7_normal_face.png	US	chance
lizzio06	http://mii-images.cdn.nintendo.net/2wehd1wqxf07l_normal_face.png	US	Mommy
chuchin1109	http://mii-images.cdn.nintendo.net/3hoz1xptrzfon_normal_face.png	US	Jesus
rukochanpoo	http://mii-images.cdn.nintendo.net/yp4gok7780ww_normal_face.png	JP	るぴちゃん
racing-st205	http://mii-images.cdn.nintendo.net/27chj0fo76xhh_normal_face.png	JP	ゆうな
BradySlayer07	http://mii-images.cdn.nintendo.net/37grhi0ba394_normal_face.png	US	brady
defaultname001	http://mii-images.cdn.nintendo.net/2cg6mgvj0iuee_normal_face.png	US	scum bug
ru_se_yu	http://mii-images.cdn.nintendo.net/lkk28a6lxjph_normal_face.png	JP	るるか
noobmiler	http://mii-images.cdn.nintendo.net/1qkj0qa2pl42w_normal_face.png	BR	pedro
HexQuasar1	http://mii-images.cdn.nintendo.net/15n1cpqcaldkx_normal_face.png	CA	Brock
RobotWare	http://mii-images.cdn.nintendo.net/2rkcuap3cxjh3_normal_face.png	US	RobotWare
Lalank	http://mii-images.cdn.nintendo.net/2ywj1lf5xs9ri_normal_face.png	MX	lalank
dixontwins	http://mii-images.cdn.nintendo.net/3nhfip29f3x7x_normal_face.png	US	Lucas
glo9870	http://mii-images.cdn.nintendo.net/22m0rnj66dizb_normal_face.png	US	ethan
gugudaemon	http://mii-images.cdn.nintendo.net/369vtid7mt9or_normal_face.png	BR	gustavo
shingenki1220	http://mii-images.cdn.nintendo.net/1wk8y5iqtpnzu_normal_face.png	JP	スピラン:V.V.V
olive149	http://mii-images.cdn.nintendo.net/gjdthhgsqzbq_normal_face.png	US	jollybear
mensur1981	http://mii-images.cdn.nintendo.net/2mgu7gy6ilhnh_normal_face.png	AT	eli
taisei9911	http://mii-images.cdn.nintendo.net/nkvr69cnhstl_normal_face.png	JP	そのひぐらし
FrankWiiU2014	http://mii-images.cdn.nintendo.net/1eetj2wltu61c_normal_face.png	NL	Frank
maikura7896	http://mii-images.cdn.nintendo.net/25pv0rl5bzkea_normal_face.png	JP	りく
stadashi1	http://mii-images.cdn.nintendo.net/2dctigg1177dt_normal_face.png	JP	めぐ
Alfie_boy121	http://mii-images.cdn.nintendo.net/63402m5vghzz_normal_face.png	GB	alfieboy10
Mariotrap_dude	http://mii-images.cdn.nintendo.net/x3rq5atf8mbc_normal_face.png	US	timmy
theassitant	http://mii-images.cdn.nintendo.net/2j19e5schxchk_normal_face.png	US	Parker_0_
MrsShefski	http://mii-images.cdn.nintendo.net/25c2l3708kg0e_normal_face.png	US	MrsShefski
bonedog99	http://mii-images.cdn.nintendo.net/1zhawbn7wve0c_normal_face.png	US	BONEdog
oliver808	http://mii-images.cdn.nintendo.net/2gyt8wb1n6a6m_normal_face.png	GB	oliver 808
aitor2012delacru	http://mii-images.cdn.nintendo.net/52whv8hb02an_normal_face.png	ES	aitorito
Nikincito	http://mii-images.cdn.nintendo.net/1qab4eknic2t1_normal_face.png	CL	Nik
solis7588	http://mii-images.cdn.nintendo.net/3cnx7eaww9ojz_normal_face.png	US	solis7588
ilyas.halzm	http://mii-images.cdn.nintendo.net/117orll3ge916_normal_face.png	FR	Ilyâs
GreedyDevil	http://mii-images.cdn.nintendo.net/3k50p4bc9f6bm_normal_face.png	US	GreedyDevl
105302	http://mii-images.cdn.nintendo.net/3do0wrol87721_normal_face.png	JP	とおりすがりのオタク
dellymaia	http://mii-images.cdn.nintendo.net/1f2yf38yppiv6_normal_face.png	BR	Henrique
Evan.t.ace	http://mii-images.cdn.nintendo.net/2ejg36zewxhu3_normal_face.png	CA	evan
Teotim2005	http://mii-images.cdn.nintendo.net/kiwq9dmnpv31_normal_face.png	FR	teotim07
namdwoo27	http://mii-images.cdn.nintendo.net/3cwb9ad78c0zk_normal_face.png	US	song2
grandkidz1	http://mii-images.cdn.nintendo.net/dd6krx3fbn6c_normal_face.png	US	Tomas
assa.LEGO	http://mii-images.cdn.nintendo.net/s3ngfqw2bzsk_normal_face.png	JP	やす
natyy929	http://mii-images.cdn.nintendo.net/1r4ni1ukznd56_normal_face.png	US	joseph
bkmonroe	http://mii-images.cdn.nintendo.net/35ma3mjny4g5h_normal_face.png	US	Brie
AIJ2009	http://mii-images.cdn.nintendo.net/2t0xgv3z9s8cc_normal_face.png	CA	Amari
junio11	http://mii-images.cdn.nintendo.net/3frqa7fu4fzc1_normal_face.png	US	nino
takumiiiiiin	http://mii-images.cdn.nintendo.net/2t1xa2ggv0ur0_normal_face.png	JP	たくみ
Harry20410	http://mii-images.cdn.nintendo.net/ao6npdf5c0r7_normal_face.png	GB	Harry
devon79380	http://mii-images.cdn.nintendo.net/pw594jq8zxat_normal_face.png	FR	Alhya
kkmiller120676	http://mii-images.cdn.nintendo.net/2o8ufak0o4e8y_normal_face.png	US	kam
ma0711	http://mii-images.cdn.nintendo.net/2dganmb6u9ut1_normal_face.png	JP	カイト
lukas-mitsch	http://mii-images.cdn.nintendo.net/3itt3qbqudxqf_normal_face.png	DE	lukas
ntsdubb	http://mii-images.cdn.nintendo.net/20k7mhgsffvc_normal_face.png	US	Branson
Louna3105	http://mii-images.cdn.nintendo.net/1500jvo63wygv_normal_face.png	FR	Louna
Kiki-Melanie	http://mii-images.cdn.nintendo.net/cqtvzx6u0gol_normal_face.png	NL	Kyara
DashboardJeebus	http://mii-images.cdn.nintendo.net/1mzscrhpoamlg_normal_face.png	US	Dashboard
ik3r85	http://mii-images.cdn.nintendo.net/63cwiwsojjb7_normal_face.png	US	iker
YUT0KYT	http://mii-images.cdn.nintendo.net/31o3fcicp248j_normal_face.png	JP	こうすけ
TheTallMan76	http://mii-images.cdn.nintendo.net/3sgugmturlvcs_normal_face.png	US	Mike
Yannmtalavera	http://mii-images.cdn.nintendo.net/osi98ku3wygx_normal_face.png	BR	Yann
Kosten	http://mii-images.cdn.nintendo.net/1yyxek33ys8hq_normal_face.png	CA	Kosten
mt_god010320	http://mii-images.cdn.nintendo.net/1l04mvj6d70gh_normal_face.png	JP	8
hayato-y-noa	http://mii-images.cdn.nintendo.net/22sj36wz6w85q_normal_face.png	JP	はやと
gec321	http://mii-images.cdn.nintendo.net/1p1onexlnt8v3_normal_face.png	GB	eli
technologygenius	http://mii-images.cdn.nintendo.net/1a1c1chdcke0f_normal_face.png	AU	Luca
schalker1904	http://mii-images.cdn.nintendo.net/2s3upzpsucpfv_normal_face.png	DE	heini
DeuceWiggalo	http://mii-images.cdn.nintendo.net/3g5hxnzz8d3ox_normal_face.png	US	Wolf
Angel3221	http://mii-images.cdn.nintendo.net/1urdyzhyxgt7d_normal_face.png	US	Angel
SjorsMaster	http://mii-images.cdn.nintendo.net/24cjdhb9d461k_normal_face.png	NL	☆Sjors☆
elpops01	http://mii-images.cdn.nintendo.net/2ewj7z0dt8wir_normal_face.png	US	pops
reyrae718	http://mii-images.cdn.nintendo.net/2yfqgyg1q0uzw_normal_face.png	US	chi chi
djsdy724	http://mii-images.cdn.nintendo.net/87wo88t5gn7f_normal_face.png	JP	ひろと
Audi5339	http://mii-images.cdn.nintendo.net/360s5jp719ye7_normal_face.png	JP	よこはま
SonyBeniga	http://mii-images.cdn.nintendo.net/2v0n98dafgob3_normal_face.png	FR	Bidouchon
moralesst716	http://mii-images.cdn.nintendo.net/2isad2hynbhbb_normal_face.png	CA	Steven
M704.eighter	http://mii-images.cdn.nintendo.net/pw9ersr4vk4l_normal_face.png	JP	とあ
rara50	http://mii-images.cdn.nintendo.net/g1c4a8g7rtr7_normal_face.png	US	jroc
plyqc9331	http://mii-images.cdn.nintendo.net/2rnb4e6r89egj_normal_face.png	JP	yang～
papershrimp	http://mii-images.cdn.nintendo.net/1xjx70rqgjdjf_normal_face.png	IE	PaprShrimp
chcho920606	http://mii-images.cdn.nintendo.net/1nm3e4cll7x6l_normal_face.png	MX	juan
yumemama0694	http://mii-images.cdn.nintendo.net/frfhdmf03q98_normal_face.png	JP	ゆめか
kouki-raiki	http://mii-images.cdn.nintendo.net/3mjgtadqmcza7_normal_face.png	JP	こうき
warenar	http://mii-images.cdn.nintendo.net/1ajt77wy6dz45_normal_face.png	NL	Joran
angerii5	http://mii-images.cdn.nintendo.net/s83153co3cwa_normal_face.png	JP	りーちゅん♪
ojichan-to-yui	http://mii-images.cdn.nintendo.net/adwvnyxe1vh7_normal_face.png	JP	ながちゃん
rafaeldipetta	http://mii-images.cdn.nintendo.net/mj2h3xsd3d0s_normal_face.png	CA	King Rafa
Gessualdo	http://mii-images.cdn.nintendo.net/2wmn5qlqzm1sl_normal_face.png	BR	Gessualdo
xTorviCx	http://mii-images.cdn.nintendo.net/3lbshge6x7sqv_normal_face.png	BR	TorviC
hylaincreed	http://mii-images.cdn.nintendo.net/2c1zjd6x4z4vs_normal_face.png	US	Terrell
Monkey_Man112	http://mii-images.cdn.nintendo.net/81d1jaksx8xz_normal_face.png	GB	Ry
TheGreatAl	http://mii-images.cdn.nintendo.net/3qo08rlytj3gp_normal_face.png	ES	Alex
maxilion	http://mii-images.cdn.nintendo.net/32vraivs5i1os_normal_face.png	US	Max
ApexAsylum	http://mii-images.cdn.nintendo.net/1axb6ysyeythr_normal_face.png	GB	Arjun
crispy972	http://mii-images.cdn.nintendo.net/3szixdfhgoo3x_normal_face.png	AU	Crispy
XxJellyfishXx	http://mii-images.cdn.nintendo.net/38qrkgxvwbmtc_normal_face.png	US	Matthew
giovanny98765	http://mii-images.cdn.nintendo.net/2vahop25vgd5c_normal_face.png	MX	papuchin
noobster258	http://mii-images.cdn.nintendo.net/3u7ficzzo3ly5_normal_face.png	US	bob
19RVD90	http://mii-images.cdn.nintendo.net/1jv5lp6ar9d0y_normal_face.png	DE	Patrick
keiko2327	http://mii-images.cdn.nintendo.net/285r3m3fnzguj_normal_face.png	JP	けいと
batzfamily1	http://mii-images.cdn.nintendo.net/1nmi06bkvxniw_normal_face.png	US	noah
pnamip-5172	http://mii-images.cdn.nintendo.net/1yr4henwlvcl1_normal_face.png	JP	きむにぃ
guycito	http://mii-images.cdn.nintendo.net/36odcixdrp0l5_normal_face.png	PE	Guycito
Co-D1980	http://mii-images.cdn.nintendo.net/3lg7rx5t5ed7r_normal_face.png	JP	おくパーのおっとっと
5gether	http://mii-images.cdn.nintendo.net/3keaccre77w6q_normal_face.png	US	Brian
brillante10	http://mii-images.cdn.nintendo.net/2eh1mgmly6h6h_normal_face.png	ES	mar
Heitor2009	http://mii-images.cdn.nintendo.net/ldahi4tb4jeh_normal_face.png	BR	Heitor
nicholascouri	http://mii-images.cdn.nintendo.net/3c05e64ehebq1_normal_face.png	US	Rico
kondobarrel	http://mii-images.cdn.nintendo.net/2k3iq1lq55s2a_normal_face.png	JP	あ
ryaners10	http://mii-images.cdn.nintendo.net/uz13fcxfwtnw_normal_face.png	IE	ryan
nils.hannes2007	http://mii-images.cdn.nintendo.net/17gtodzc2joc0_normal_face.png	DE	YouTubeDE
haru-yuu-yume	http://mii-images.cdn.nintendo.net/1uocvp5v3a2sc_normal_face.png	JP	はるき
masataka826	http://mii-images.cdn.nintendo.net/1a5as04ympbbq_normal_face.png	JP	まあたん
NicholasRov	http://mii-images.cdn.nintendo.net/2jcur4alzxuvm_normal_face.png	US	Nicholas
Dii-Man	http://mii-images.cdn.nintendo.net/3t7ps7gu21c4x_normal_face.png	DE	Dii
eduard.psc	http://mii-images.cdn.nintendo.net/qs6zr0oyyd4o_normal_face.png	CA	Mr-Cabral
muranari923	http://mii-images.cdn.nintendo.net/2tb51qkkv6mrr_normal_face.png	JP	muranari
diegoonline2004	http://mii-images.cdn.nintendo.net/cpgu0ql0me67_normal_face.png	ES	Diego
hyjhtmjy	http://mii-images.cdn.nintendo.net/28y75hs3fd2hf_normal_face.png	JP	たくや
syu1koga	http://mii-images.cdn.nintendo.net/2zhzuk4k6mjsi_normal_face.png	JP	ゆうた
SuperCool1968	http://mii-images.cdn.nintendo.net/3vlv1m2ro3f9t_normal_face.png	DE	DANNY
Shintarou0104	http://mii-images.cdn.nintendo.net/3hccvpcql2fmy_normal_face.png	JP	しんたろう
ryunako	http://mii-images.cdn.nintendo.net/3jmj1ab2x9wos_normal_face.png	JP	☆かっぺ☆
grosser01	http://mii-images.cdn.nintendo.net/2yoy2lw10xq2f_normal_face.png	DE	Flemming
mre2928	http://mii-images.cdn.nintendo.net/378tf2yu6qzg6_normal_face.png	JP	【OJS】FUJI
julianasch2007	http://mii-images.cdn.nintendo.net/2kfpclgfx1qjd_normal_face.png	DE	juli
aschof	http://mii-images.cdn.nintendo.net/3lqjkktfn2uk9_normal_face.png	US	yoshi678
venenozoboss	http://mii-images.cdn.nintendo.net/3g36qdh478f8f_normal_face.png	BR	luciano
musicmaker73	http://mii-images.cdn.nintendo.net/1pd5j12wl2lg6_normal_face.png	US	Reaper
CG_INK	http://mii-images.cdn.nintendo.net/9h86dycnsqql_normal_face.png	US	Carlos
yosoyjack	http://mii-images.cdn.nintendo.net/1wr73gew04pxt_normal_face.png	FR	Santiago
lette_dub	http://mii-images.cdn.nintendo.net/swd4reeizofj_normal_face.png	JP	ぶん
lockekids5	http://mii-images.cdn.nintendo.net/1npzvton78muj_normal_face.png	US	Daniel6
salimame	http://mii-images.cdn.nintendo.net/2hav0bhw4z394_normal_face.png	FR	pichitekta
Haileyharvey	http://mii-images.cdn.nintendo.net/1nbwrlzprz2wf_normal_face.png	CA	hail
chiro.0323	http://mii-images.cdn.nintendo.net/15u8ctb89oktz_normal_face.png	JP	$^O^$
lfts1924	http://mii-images.cdn.nintendo.net/2wd4heramsxk4_normal_face.png	US	zekrom
FamilyBasenet	http://mii-images.cdn.nintendo.net/3p1ryx411jhkw_normal_face.png	US	tammy
naimiker	http://mii-images.cdn.nintendo.net/15g9yuigf2x8l_normal_face.png	ES	lokendero
nicholas-pereira	http://mii-images.cdn.nintendo.net/1fl3gae00vsis_normal_face.png	BR	nick
bigcountry48	http://mii-images.cdn.nintendo.net/1wgsx51e1eln8_normal_face.png	US	bigcountry
vacuummouse	http://mii-images.cdn.nintendo.net/178iyd4vjhrxn_normal_face.png	GB	zak
FOS_04	http://mii-images.cdn.nintendo.net/3c63q7jb60vy8_normal_face.png	US	Annie
Mazucamba	http://mii-images.cdn.nintendo.net/1se90cfrn0gc3_normal_face.png	US	toon link
bw79v43tom	http://mii-images.cdn.nintendo.net/3nag101gwbbov_normal_face.png	FR	petit loup
saliari	http://mii-images.cdn.nintendo.net/o6c1xxco69or_normal_face.png	US	Paul
Doc_Kwyjibo	http://mii-images.cdn.nintendo.net/2o0k7o0wm85g5_normal_face.png	AU	DocKwyjibo
Henzaz	http://mii-images.cdn.nintendo.net/1kps8dbsbfml0_normal_face.png	FI	Henza
rockerroller	http://mii-images.cdn.nintendo.net/3qjd4uhefxlun_normal_face.png	CA	Shane
Peztopiary	http://mii-images.cdn.nintendo.net/fh3mamqbgu6c_normal_face.png	US	Antman
laowang438	http://mii-images.cdn.nintendo.net/3p0cf00bk19md_normal_face.png	JP	。。。
JaiSTAR7	http://mii-images.cdn.nintendo.net/3pdf2gjgfdmhd_normal_face.png	US	Lil Jay
Agucci619	http://mii-images.cdn.nintendo.net/drx0r0ihb4oy_normal_face.png	JP	あゆむ
Rewanolu	http://mii-images.cdn.nintendo.net/393suqfjefyt3_normal_face.png	DE	Daak_lp
tacohardy	http://mii-images.cdn.nintendo.net/33mgee4b1li35_normal_face.png	US	william
Spike_le_Vain	http://mii-images.cdn.nintendo.net/1h75fzv94mq0_normal_face.png	AU	MaXXXi
xezemaster	http://mii-images.cdn.nintendo.net/1r65ssow6vso6_normal_face.png	PT	Xeze
dylankickbutt	http://mii-images.cdn.nintendo.net/1armbk6gblx2r_normal_face.png	US	DYLAN
Mchess7	http://mii-images.cdn.nintendo.net/2l4vj8lv67t2k_normal_face.png	PT	Miguel
riku201122	http://mii-images.cdn.nintendo.net/21erv8lggfhwi_normal_face.png	JP	りく
Dark_Lady_Mara	http://mii-images.cdn.nintendo.net/1ygpi534m9wyf_normal_face.png	US	Lady Mara
lilyeua	http://mii-images.cdn.nintendo.net/ogfwhyyha0kp_normal_face.png	US	Lily
jogo_jogos	http://mii-images.cdn.nintendo.net/3ap0eg19bl57i_normal_face.png	CA	jogo-jogos
Ghost_TF141_MW2	http://mii-images.cdn.nintendo.net/29qawtsntk82o_normal_face.png	US	Riley
chi-nari	http://mii-images.cdn.nintendo.net/1h2svm7wo0rka_normal_face.png	JP	なり
jounes100	http://mii-images.cdn.nintendo.net/17n0z1n5aeph0_normal_face.png	DE	BR☆Markus¿
SyamaYki	http://mii-images.cdn.nintendo.net/mtpavsvnhhnv_normal_face.png	JP	ゆうき
ALEX_DANI_MAMA	http://mii-images.cdn.nintendo.net/3ktz0ubuzv21e_normal_face.png	AT	Alex
senatokikoto	http://mii-images.cdn.nintendo.net/uklxwx3vhvb7_normal_face.png	JP	せな とき こと
gggoooaaattt	http://mii-images.cdn.nintendo.net/24oqtg6r4pc15_normal_face.png	IT	Goat
731906	http://mii-images.cdn.nintendo.net/16dgu016k07e_normal_face.png	US	Hunter
LandenHolm	http://mii-images.cdn.nintendo.net/21yd0svm3yra_normal_face.png	US	Landen
Lucario4817	http://mii-images.cdn.nintendo.net/bq2jvswbg7h5_normal_face.png	AU	Entei
Liberated92	http://mii-images.cdn.nintendo.net/1z7ok465gwong_normal_face.png	NO	Liberated
Zugina	http://mii-images.cdn.nintendo.net/c0s1iig392yi_normal_face.png	DE	Handy
ys561011	http://mii-images.cdn.nintendo.net/s4net3vgtxfh_normal_face.png	JP	きら
naoyan0417	http://mii-images.cdn.nintendo.net/280gl0mzv3byc_normal_face.png	JP	なおやん
swookys	http://mii-images.cdn.nintendo.net/34icognnhb19a_normal_face.png	FR	tommy
mizubon.fan	http://mii-images.cdn.nintendo.net/2r2pws65p6q3r_normal_face.png	JP	たいき
Locke57	http://mii-images.cdn.nintendo.net/1hosxc4t0r5wn_normal_face.png	MX	sami
koopakid128	http://mii-images.cdn.nintendo.net/1fnzf29xy72fl_normal_face.png	US	It
Wiiusergio11	http://mii-images.cdn.nintendo.net/1vag9ti8r9sh3_normal_face.png	ES	sergio
IhaadevSilver	http://mii-images.cdn.nintendo.net/5adng0g6pgnm_normal_face.png	DE	Ihaadev
jmanuelhernandez	http://mii-images.cdn.nintendo.net/2k6p4bdgtw02d_normal_face.png	US	kami
Elotrix_1205	http://mii-images.cdn.nintendo.net/3qisnynecoqg0_normal_face.png	DE	pera
kyran98	http://mii-images.cdn.nintendo.net/3bk6oi3mowzeu_normal_face.png	GB	kyran
silas3107	http://mii-images.cdn.nintendo.net/356swoxnrjl8q_normal_face.png	DE	silas
taiharu2	http://mii-images.cdn.nintendo.net/153nmyyiantf9_normal_face.png	JP	タイ
toni_tori	http://mii-images.cdn.nintendo.net/1jj55rxueq66z_normal_face.png	US	Tori
firewaffles	http://mii-images.cdn.nintendo.net/1souxhznjdliu_normal_face.png	US	jack
KickassAngel	http://mii-images.cdn.nintendo.net/mb5ogbdkxg4t_normal_face.png	US	Angel
07Harri01	http://mii-images.cdn.nintendo.net/1oktevfyygdue_normal_face.png	US	harri
buggy75	http://mii-images.cdn.nintendo.net/wt1dgrp7ejng_normal_face.png	US	buggy75
keithinator	http://mii-images.cdn.nintendo.net/3oi2l1s6kazm6_normal_face.png	US	hayden
3zakboys	http://mii-images.cdn.nintendo.net/3a9ns3r6e3ved_normal_face.png	US	Santa
u-shi-827	http://mii-images.cdn.nintendo.net/2q9xquq9jnti9_normal_face.png	JP	ユウシ
yusei822	http://mii-images.cdn.nintendo.net/1ed94lnhv0gvd_normal_face.png	JP	プクプク
Kouta-Kanta28	http://mii-images.cdn.nintendo.net/3dm2uyywq5hl1_normal_face.png	JP	こうた
Avalanch1	http://mii-images.cdn.nintendo.net/17nlhk3iasbz7_normal_face.png	CA	  Mario!  
kiroule	http://mii-images.cdn.nintendo.net/lnfzqa8gy0t2_normal_face.png	FR	Romane
LJS2006	http://mii-images.cdn.nintendo.net/67ufxin9ohkp_normal_face.png	GB	lucas
hii1219	http://mii-images.cdn.nintendo.net/xrxidozut0aa_normal_face.png	JP	ひで
hiro12yura09	http://mii-images.cdn.nintendo.net/td0jowrntloz_normal_face.png	JP	バットボーイ
MarioandKirby246	http://mii-images.cdn.nintendo.net/3heknby6bypz5_normal_face.png	US	Mario
111111dem	http://mii-images.cdn.nintendo.net/ugp8736twz3n_normal_face.png	IE	jack
eswlp99	http://mii-images.cdn.nintendo.net/2fu04h6a3kz9a_normal_face.png	DE	Eli
odebuhiro	http://mii-images.cdn.nintendo.net/186368kwhueig_normal_face.png	JP	ひろと
BAC.10	http://mii-images.cdn.nintendo.net/2634ouezlfw80_normal_face.png	BR	dormidente
hiro06mana10	http://mii-images.cdn.nintendo.net/2iq37pvy74hzo_normal_face.png	JP	ひろ
bananukis	http://mii-images.cdn.nintendo.net/3s87g7bh1zw7p_normal_face.png	MX	chilywilly
wellsfamilyiv	http://mii-images.cdn.nintendo.net/jycnkhwnsqme_normal_face.png	US	JOHN-john
ZIMAWiiU	http://mii-images.cdn.nintendo.net/364jkfyf2sdh7_normal_face.png	JP	【LS】はるとぅーん
FriendlyPyro	http://mii-images.cdn.nintendo.net/3sssaeuxgspmf_normal_face.png	US	Vince
hoak333	http://mii-images.cdn.nintendo.net/2yh2zjxctjbp0_normal_face.png	JP	ヒロ
Fabs-Stoawend	http://mii-images.cdn.nintendo.net/3agsvr5d2keqr_normal_face.png	AT	Fabs
kou1106kou	http://mii-images.cdn.nintendo.net/2prc23z1ndbfv_normal_face.png	JP	こうちゃん
tayutoriuki	http://mii-images.cdn.nintendo.net/2aj7mulrbhfxv_normal_face.png	JP	せいや
ABCDEFEDCBAS	http://mii-images.cdn.nintendo.net/3snx7zer9ae6d_normal_face.png	JP	りくっち
bonne02	http://mii-images.cdn.nintendo.net/1zt4msbo9bu1u_normal_face.png	BR	bonne
terupon1	http://mii-images.cdn.nintendo.net/1wl60amtxyjto_normal_face.png	JP	てるぼうず♪
Ikegami-Shunta	http://mii-images.cdn.nintendo.net/1b1yb74bfjeuh_normal_face.png	JP	ぷーいけ
NevioCorrera	http://mii-images.cdn.nintendo.net/g91pfr9tbbab_normal_face.png	DE	Nevio
maaabuuuuu	http://mii-images.cdn.nintendo.net/1uiefjd9ntwcx_normal_face.png	JP	MANA
rhey9012	http://mii-images.cdn.nintendo.net/3oltvppk6jyp1_normal_face.png	JP	るいかい
Rublox_16	http://mii-images.cdn.nintendo.net/2ejnh2sgir0lf_normal_face.png	ES	Rublox
1a8daedc5808	http://mii-images.cdn.nintendo.net/341l3y3jnpqyw_normal_face.png	JP	たいき
snoots11	http://mii-images.cdn.nintendo.net/39x07bx28fsw2_normal_face.png	IE	snoots
mega-mewtu	http://mii-images.cdn.nintendo.net/duhmja3d69vg_normal_face.png	DE	Le-le
saitosotako	http://mii-images.cdn.nintendo.net/5bh6il1ad3tt_normal_face.png	JP	そう
loukarenaud	http://mii-images.cdn.nintendo.net/22e7zuzaebour_normal_face.png	CA	louk viac
D13G0N	http://mii-images.cdn.nintendo.net/1k6aeun9ew9cd_normal_face.png	BR	Diegon
bigstar_c83	http://mii-images.cdn.nintendo.net/32470a689ww3d_normal_face.png	AU	chris
miemama27	http://mii-images.cdn.nintendo.net/3ditvv3zjpcz_normal_face.png	JP	かんた
kaz159	http://mii-images.cdn.nintendo.net/3j1ccyssa9twn_normal_face.png	JP	ゆうと
TheKingOfArkel	http://mii-images.cdn.nintendo.net/nxes21di7ibj_normal_face.png	NL	Senna
meipapas	http://mii-images.cdn.nintendo.net/yn9r6g9x5tf2_normal_face.png	JP	くーちゃん:
mariokirby17	http://mii-images.cdn.nintendo.net/2hcu5x6qgdfqv_normal_face.png	US	Nathan
Klassenclown	http://mii-images.cdn.nintendo.net/3oejos5wjjdlf_normal_face.png	DE	Ravil
waynebo1975	http://mii-images.cdn.nintendo.net/1m6e6s6pwgmes_normal_face.png	GB	jessica
sammymoreno23	http://mii-images.cdn.nintendo.net/5tmrtfvzqxe3_normal_face.png	MX	sammy
jennmarino	http://mii-images.cdn.nintendo.net/2zp68lmpyo45l_normal_face.png	US	Jenn
House566	http://mii-images.cdn.nintendo.net/q6huv6wltkf8_normal_face.png	US	Nate
hirotakuchan	http://mii-images.cdn.nintendo.net/1wi0kk32l07m6_normal_face.png	JP	ちゃんじゅに
Nei_Kennedy	http://mii-images.cdn.nintendo.net/3j9el270b5kdf_normal_face.png	MX	Nei
Andy20008	http://mii-images.cdn.nintendo.net/2y5njmm5x1krw_normal_face.png	IT	Andy
Ajdin1	http://mii-images.cdn.nintendo.net/1jiquitxv1mmt_normal_face.png	AT	aha ahhaa
lip008	http://mii-images.cdn.nintendo.net/3fa09m80gbdb9_normal_face.png	BR	Felipe
Dizzylzzy	http://mii-images.cdn.nintendo.net/d1umkkife6bq_normal_face.png	US	DizzyIzzy★
beast_member	http://mii-images.cdn.nintendo.net/2fyy3b5azsraa_normal_face.png	JP	ビーン
Zebazone	http://mii-images.cdn.nintendo.net/34pof8mxvi0rk_normal_face.png	MX	Zebazone
Jrd224	http://mii-images.cdn.nintendo.net/2ujjyyxmmcxeo_normal_face.png	US	Gonra6333
isapektas	http://mii-images.cdn.nintendo.net/2rmpl7iu4zj0w_normal_face.png	SE	Isa
Edalebre170711	http://mii-images.cdn.nintendo.net/1g9xiy9q44j1z_normal_face.png	MX	messi
LukeLeg	http://mii-images.cdn.nintendo.net/3k95aps3qpcy_normal_face.png	US	Luke
0607kousei	http://mii-images.cdn.nintendo.net/1ocml9k9a1o6g_normal_face.png	JP	　　　　　　　　　お
zhebushiid_heng	http://mii-images.cdn.nintendo.net/10b8bq0m04r4p_normal_face.png	JP	Yuki
harususi	http://mii-images.cdn.nintendo.net/392gnx8jf84kl_normal_face.png	JP	たこやき
slimed246	http://mii-images.cdn.nintendo.net/3t35e3ujmeckj_normal_face.png	AU	Slimed246
Greatness14	http://mii-images.cdn.nintendo.net/3dnzyhxjzlyhc_normal_face.png	US	Gavin
hamdy51123	http://mii-images.cdn.nintendo.net/1ew0xa11wpc4e_normal_face.png	US	Ham
YazMatJr	http://mii-images.cdn.nintendo.net/1nvhdkv9wmqhw_normal_face.png	US	Mattew
Charkie12	http://mii-images.cdn.nintendo.net/2cb0yge8kimd_normal_face.png	CA	Sydy
Corbinator7	http://mii-images.cdn.nintendo.net/2ybh3qj7mrml9_normal_face.png	US	p-star 7
edu_tnt	http://mii-images.cdn.nintendo.net/2biq97nmn6njm_normal_face.png	BR	:D
Nitoro1009	http://mii-images.cdn.nintendo.net/cpz79648mbi_normal_face.png	JP	じんせいはいちどきり
bradsintomario	http://mii-images.cdn.nintendo.net/v6ddobvxn7xz_normal_face.png	US	bradley
Blorpius	http://mii-images.cdn.nintendo.net/170czdhoc4fhs_normal_face.png	US	Drew
zavala8810	http://mii-images.cdn.nintendo.net/m90ox2q0j2kq_normal_face.png	US	......
vikkyonesock	http://mii-images.cdn.nintendo.net/3bv8btiyqmu8w_normal_face.png	US	junior
theflavfam05	http://mii-images.cdn.nintendo.net/1insgjirjgp5a_normal_face.png	US	sophie
Greig2007	http://mii-images.cdn.nintendo.net/fwbvzsmp07wz_normal_face.png	GB	Greig
unyaneio224	http://mii-images.cdn.nintendo.net/ndnid49actt8_normal_face.png	JP	イカしたイカ!
braxton.walker	http://mii-images.cdn.nintendo.net/6awd0aru7n7l_normal_face.png	US	bhnjk
MaximHofman	http://mii-images.cdn.nintendo.net/17wrw5du1cct1_normal_face.png	NL	maxím
austinvexy	http://mii-images.cdn.nintendo.net/1zj13kr1czi97_normal_face.png	US	austin
WillianFOX	http://mii-images.cdn.nintendo.net/3s9dmdyzbze0r_normal_face.png	BR	WillianFOX
angeloadam	http://mii-images.cdn.nintendo.net/25nawykwa7i1n_normal_face.png	CA	mr poops
Moss4life	http://mii-images.cdn.nintendo.net/18v59acaogj64_normal_face.png	US	dave
jorradisio	http://mii-images.cdn.nintendo.net/34ns917n9dzy0_normal_face.png	SE	Jonas
lickymanmm	http://mii-images.cdn.nintendo.net/1k6mwtrghm0ke_normal_face.png	IE	uyi
miruky1201	http://mii-images.cdn.nintendo.net/253cf7upwmvty_normal_face.png	JP	MAI
Ultra152	http://mii-images.cdn.nintendo.net/3asp693x9svjt_normal_face.png	DE	Makerpro
supertrogdor	http://mii-images.cdn.nintendo.net/8ztx490kr1w1_normal_face.png	US	WiLLiAM
catia311	http://mii-images.cdn.nintendo.net/ra0n9ctr13c8_normal_face.png	US	DaviLuiz
AneurinCortez	http://mii-images.cdn.nintendo.net/nekiu3sphscb_normal_face.png	GB	Tom
5538sota	http://mii-images.cdn.nintendo.net/3crqd3mork49t_normal_face.png	JP	そうた
Jame5on	http://mii-images.cdn.nintendo.net/1evtbabdh9gse_normal_face.png	US	Jameson
mintia0126	http://mii-images.cdn.nintendo.net/339lrzisjtv5z_normal_face.png	JP	りょーと
fabriziopitto	http://mii-images.cdn.nintendo.net/1b7p3ecqapbss_normal_face.png	IT	sofia
FinniFoxU	http://mii-images.cdn.nintendo.net/3cp8l86xdy9ey_normal_face.png	DE	Finni
michels1998	http://mii-images.cdn.nintendo.net/30kscy23of01_normal_face.png	US	lordganon
jtct01	http://mii-images.cdn.nintendo.net/21mhmg20ml8g2_normal_face.png	US	wtylp?onz
Dash1138	http://mii-images.cdn.nintendo.net/2y5xct2xpo6vw_normal_face.png	BR	Dash1138
CAKE.com	http://mii-images.cdn.nintendo.net/3f7vkur7ve9r5_normal_face.png	CA	Qnitne
iendermann	http://mii-images.cdn.nintendo.net/bbrw690xkghp_normal_face.png	US	Isaac
iotm148-a13	http://mii-images.cdn.nintendo.net/2m4ycm3t3l97y_normal_face.png	JP	Takuma
HateReaper	http://mii-images.cdn.nintendo.net/7nt50wc2ypjw_normal_face.png	US	Stew
tatsuya0509	http://mii-images.cdn.nintendo.net/3iq8qelptlx5d_normal_face.png	JP	たつや
powle888	http://mii-images.cdn.nintendo.net/apm9lk9b9ofi_normal_face.png	DE	Larina★fs
plutonium-power	http://mii-images.cdn.nintendo.net/2cwytfkmlj3s6_normal_face.png	US	kdogg
jona962090	http://mii-images.cdn.nintendo.net/15r7h6jdf9ntr_normal_face.png	PE	Jonas
sonny333	http://mii-images.cdn.nintendo.net/2glfhpc5d0sy5_normal_face.png	US	jjjj
statue1028	http://mii-images.cdn.nintendo.net/tbecvcr3jzhh_normal_face.png	JP	スタチュー
badassOskar	http://mii-images.cdn.nintendo.net/xahfcq14jc8r_normal_face.png	DE	Soman HD
yuu1201ki	http://mii-images.cdn.nintendo.net/dn5a1uge8fjs_normal_face.png	JP	とだゆうき¶
siho44	http://mii-images.cdn.nintendo.net/16thz88s5kuj0_normal_face.png	JP	かぜのとき
lindaandreece	http://mii-images.cdn.nintendo.net/2xgyotz6pdye6_normal_face.png	US	reece
MurrayMan	http://mii-images.cdn.nintendo.net/4fbh7ekps5fs_normal_face.png	US	Oli
ArthurAvila	http://mii-images.cdn.nintendo.net/2forwut88ckse_normal_face.png	BR	Arthur
DonTheGrizzlyMan	http://mii-images.cdn.nintendo.net/nzqf6bcbcpkl_normal_face.png	CA	bigdshaw86
Bakozan	http://mii-images.cdn.nintendo.net/1yjevfq86cipa_normal_face.png	DK	Bako
papa2565	http://mii-images.cdn.nintendo.net/1jr5qg8bivfij_normal_face.png	VE	luis
rafa19101	http://mii-images.cdn.nintendo.net/3n24uehwvnw3j_normal_face.png	ES	rafael
miikaetzchen	http://mii-images.cdn.nintendo.net/36kvg0vjq2h8r_normal_face.png	DE	Takeshi
OneFluffy.Rabbit	http://mii-images.cdn.nintendo.net/37t5ynwkb1vo4_normal_face.png	US	Claude
2009memphis	http://mii-images.cdn.nintendo.net/29bgioqnmvuza_normal_face.png	CA	bady boy
ryuuji-gonzaresu	http://mii-images.cdn.nintendo.net/2d43qt356x53u_normal_face.png	JP	BRUNO
ken-k.1964	http://mii-images.cdn.nintendo.net/3ealdqczzy5ag_normal_face.png	JP	けん
Masashi_Jr	http://mii-images.cdn.nintendo.net/3vohalssx2477_normal_face.png	US	Manaka
FazerLazer	http://mii-images.cdn.nintendo.net/nip4ttta4ict_normal_face.png	US	fazerlazer
Speleologue	http://mii-images.cdn.nintendo.net/1cr46q0yro8iq_normal_face.png	FR	Gweneriste
taikun1226	http://mii-images.cdn.nintendo.net/l038c54g5pe5_normal_face.png	JP	MATSURI★
KAREFFREY	http://mii-images.cdn.nintendo.net/fql9ljv6if0c_normal_face.png	US	KAR3N
hankati	http://mii-images.cdn.nintendo.net/3k7akienzz0jp_normal_face.png	JP	とも
stephenbrooks31	http://mii-images.cdn.nintendo.net/loov8yuw7rp3_normal_face.png	US	Stacks
kawanoryuu	http://mii-images.cdn.nintendo.net/1ypaqc3km32hu_normal_face.png	JP	じんめんなめこ
Boone16	http://mii-images.cdn.nintendo.net/24o9y8zs0avzk_normal_face.png	US	Boone
EvanFedak	http://mii-images.cdn.nintendo.net/24umgwojl3bhw_normal_face.png	US	Evan Fedex
NeptuneHeads	http://mii-images.cdn.nintendo.net/3fdklmbzcem4d_normal_face.png	US	Mel
Awesome.MR	http://mii-images.cdn.nintendo.net/2ris9vg3ybok2_normal_face.png	US	mr.awesome
superrosalina777	http://mii-images.cdn.nintendo.net/3021q48luxrrk_normal_face.png	ES	miralexis
0913Keisi	http://mii-images.cdn.nintendo.net/2i8kjjpbf7j9b_normal_face.png	JP	あらいでーす
Di.g03	http://mii-images.cdn.nintendo.net/f42x7a8iugns_normal_face.png	ES	Diego
c.r.hiro	http://mii-images.cdn.nintendo.net/3tfjwkzswhxqo_normal_face.png	JP	ガッツミラー
matthewallstar	http://mii-images.cdn.nintendo.net/c7f95ts5ndjz_normal_face.png	GB	matthew
owen090210	http://mii-images.cdn.nintendo.net/158c455f2ymhw_normal_face.png	GB	Owen
BCStomper27	http://mii-images.cdn.nintendo.net/35z9cf7kpcx98_normal_face.png	US	Brandon
makear	http://mii-images.cdn.nintendo.net/2pigzz3ts0rsd_normal_face.png	ES	Andrés
teter54300	http://mii-images.cdn.nintendo.net/cnqi7kz4ymoz_normal_face.png	FR	teter
koutahino	http://mii-images.cdn.nintendo.net/9vmytqbaeoav_normal_face.png	JP	こてっちゃん
Clangoldiles	http://mii-images.cdn.nintendo.net/1j2wpabnywbcu_normal_face.png	US	Noops!
youyou1955	http://mii-images.cdn.nintendo.net/23dhnlxvcjxzk_normal_face.png	US	min∞Shina
calib909	http://mii-images.cdn.nintendo.net/3ptdwpuhp5hd_normal_face.png	US	calib9009
pizzuto6	http://mii-images.cdn.nintendo.net/18bowoepp8k0y_normal_face.png	US	NTDO C.J.
FELICIAFORTHEWIN	http://mii-images.cdn.nintendo.net/2j1rppnnqp2xu_normal_face.png	CA	nathan
Thomasigt	http://mii-images.cdn.nintendo.net/2ad25f8at7v8l_normal_face.png	BR	Thomás
PedroW29	http://mii-images.cdn.nintendo.net/2kn06zx1ir2f9_normal_face.png	BR	Burning★IV
shinsakuouji	http://mii-images.cdn.nintendo.net/2klzs9u2l84ga_normal_face.png	JP	しんさく
dapcaptain08	http://mii-images.cdn.nintendo.net/3pf4yp7w4teo9_normal_face.png	NZ	jonty
Gustavoeselmejor	http://mii-images.cdn.nintendo.net/33300tdqzf2pz_normal_face.png	PE	gustavo
vochoa13	http://mii-images.cdn.nintendo.net/1qbvqld4g8xy6_normal_face.png	US	<
ponta-pon14	http://mii-images.cdn.nintendo.net/35761k77bbcwl_normal_face.png	JP	☆こうかい☆
149412bibi	http://mii-images.cdn.nintendo.net/278z6cswkpre5_normal_face.png	DE	Bibi
douseke	http://mii-images.cdn.nintendo.net/mlrz43e10rev_normal_face.png	JP	フワッティー
fernandocerna	http://mii-images.cdn.nintendo.net/3qg43h8g7av1u_normal_face.png	MX	fernando
463-088	http://mii-images.cdn.nintendo.net/20ue94vagxq8d_normal_face.png	JP	へたくそげーまー
ScottyRFC	http://mii-images.cdn.nintendo.net/2c0qv45a5yw25_normal_face.png	GB	Scotty
MyNameIsEricok	http://mii-images.cdn.nintendo.net/3tccju5avyplz_normal_face.png	US	Diddy
William225S	http://mii-images.cdn.nintendo.net/4bm616wjk9r4_normal_face.png	US	William
B0wsero1	http://mii-images.cdn.nintendo.net/3azdbcvf2hyu1_normal_face.png	GB	Toastshygy
smartypants12345	http://mii-images.cdn.nintendo.net/24pe6aoc8fus5_normal_face.png	CA	WW★Wiz
aonoanka	http://mii-images.cdn.nintendo.net/2u3a45srzy1ee_normal_face.png	JP	めぐにゃ
rrikuut	http://mii-images.cdn.nintendo.net/2ez25ebjfgv2i_normal_face.png	JP	りく
edward1011	http://mii-images.cdn.nintendo.net/1fkojjuk7fgpj_normal_face.png	US	Edward
ismaelmedina76	http://mii-images.cdn.nintendo.net/f19sdv2hdf2f_normal_face.png	FR	chiche
ryoukabu2008	http://mii-images.cdn.nintendo.net/28vkk0oano15l_normal_face.png	JP	りょうたろう　　　　
spongyfil	http://mii-images.cdn.nintendo.net/9an2g22sl6ev_normal_face.png	IT	filippo
GAMRPCO	http://mii-images.cdn.nintendo.net/a0stk3ylban9_normal_face.png	MX	Diego
042360u.u	http://mii-images.cdn.nintendo.net/fyrpntmrdr5d_normal_face.png	CL	Kurayami
terraboss	http://mii-images.cdn.nintendo.net/18carm5bv5epg_normal_face.png	CA	hyperflame
ryuuryuuryuuryuu	http://mii-images.cdn.nintendo.net/1shs7k7kar2i5_normal_face.png	JP	ryu_senbei
fieldstone1214	http://mii-images.cdn.nintendo.net/ocwlutusf3u1_normal_face.png	JP	みっちー
mortoniscool	http://mii-images.cdn.nintendo.net/aqqfi46vietk_normal_face.png	US	nolan:)
youharu.t	http://mii-images.cdn.nintendo.net/1iflzsh68du2h_normal_face.png	JP	GLƒ★Start♪
rafael900055	http://mii-images.cdn.nintendo.net/5e6w45ci8ljy_normal_face.png	BR	Kakashi#BR
Olli090	http://mii-images.cdn.nintendo.net/2arjex0my1c4o_normal_face.png	DE	Olli
WiiOwnU	http://mii-images.cdn.nintendo.net/23u76aufsg0yr_normal_face.png	GB	danny
chewbaccasolovad	http://mii-images.cdn.nintendo.net/1h80bm0lije9l_normal_face.png	US	yampi
disnalda02	http://mii-images.cdn.nintendo.net/2pn497pr3toqi_normal_face.png	US	dylan
littlelionwoman	http://mii-images.cdn.nintendo.net/2d1bz4ku804sd_normal_face.png	US	PotatoBake
alexis26290	http://mii-images.cdn.nintendo.net/6ekifhgd49wn_normal_face.png	FR	alex26
scooby2000	http://mii-images.cdn.nintendo.net/37dl0loaemr1n_normal_face.png	US	Scooby
nr0127	http://mii-images.cdn.nintendo.net/kfit2efnrqfe_normal_face.png	JP	まー
coolmanor	http://mii-images.cdn.nintendo.net/2txgrbe8tp6pv_normal_face.png	US	alexm
Gezelig-spelen32	http://mii-images.cdn.nintendo.net/1x0kqgvlare18_normal_face.png	NL	leuk
Tmoney925	http://mii-images.cdn.nintendo.net/290t11hyl37ii_normal_face.png	US	April
Robndana	http://mii-images.cdn.nintendo.net/2oq00vcn6pnaa_normal_face.png	US	t rex king
nathan6768	http://mii-images.cdn.nintendo.net/tmgsum3xf2cy_normal_face.png	FR	nathan
jvp1591	http://mii-images.cdn.nintendo.net/x4gmvdm0zf2i_normal_face.png	US	Joey
Ethancaleb4	http://mii-images.cdn.nintendo.net/1vp2ujtiirhpd_normal_face.png	MX	tronchis
kosei.2005	http://mii-images.cdn.nintendo.net/13gdrexfutxbm_normal_face.png	JP	こうせい.
TinoPuschel	http://mii-images.cdn.nintendo.net/1y3tqfnll6mvf_normal_face.png	DE	Tino
oscarharry56	http://mii-images.cdn.nintendo.net/i4rbn164vian_normal_face.png	GB	oscar cool
LoganWilson11	http://mii-images.cdn.nintendo.net/2jh5b6kjd7zji_normal_face.png	US	Logan
Dori82	http://mii-images.cdn.nintendo.net/2g0m2bc3zvhqd_normal_face.png	DE	TurboPete
majyu0604	http://mii-images.cdn.nintendo.net/7jo4qy1ozamn_normal_face.png	JP	パール
AlexAnimation	http://mii-images.cdn.nintendo.net/2xuhdb579miw0_normal_face.png	US	Alex
Schwartz5534	http://mii-images.cdn.nintendo.net/244d7h1jf8yk5_normal_face.png	US	Schwartz
555ken10	http://mii-images.cdn.nintendo.net/tfd0dxe3gaww_normal_face.png	JP	けんとぅー
Juanki2009	http://mii-images.cdn.nintendo.net/1y74cxez8wyjf_normal_face.png	MX	Juanki
iinodesign	http://mii-images.cdn.nintendo.net/1e327e9hm156g_normal_face.png	JP	かずひこ
625UUU	http://mii-images.cdn.nintendo.net/3p826p8w1btjx_normal_face.png	JP	ウエムー
MaJaGo2008	http://mii-images.cdn.nintendo.net/29xdzn5jixtp8_normal_face.png	GB	Charizard
chatataro	http://mii-images.cdn.nintendo.net/3tr53acc264zo_normal_face.png	JP	ジンタ
shenao	http://mii-images.cdn.nintendo.net/2xpyy4z09iebq_normal_face.png	CO	sebmtt
DoctorDPad	http://mii-images.cdn.nintendo.net/2k0yv5yqnzaol_normal_face.png	US	Dr. D-Pad
mamikaremikaji	http://mii-images.cdn.nintendo.net/1hij8pnyub7ag_normal_face.png	JP	じんくん
AdityaK2003	http://mii-images.cdn.nintendo.net/1g4vr2ed8c982_normal_face.png	US	Adi
Shakeshack1457	http://mii-images.cdn.nintendo.net/1d1idr0k0rrlw_normal_face.png	US	Bryce
Lucasjwfr	http://mii-images.cdn.nintendo.net/399fgdg3tqh72_normal_face.png	US	unknown???
jbetke1	http://mii-images.cdn.nintendo.net/3od2rh81tvcr6_normal_face.png	US	Jason
gabrielsaade	http://mii-images.cdn.nintendo.net/1glf7oagwpgo6_normal_face.png	BR	Gabriel
holly_boone	http://mii-images.cdn.nintendo.net/2pc0n5xetkpso_normal_face.png	US	▲★hollyœ†★
LUIS_OJ	http://mii-images.cdn.nintendo.net/3ho0qjvzgmnwo_normal_face.png	MX	LUIS ANGEL
luisnanordz	http://mii-images.cdn.nintendo.net/31nrkycyhe11w_normal_face.png	MX	nano
takao810	http://mii-images.cdn.nintendo.net/2w7jqrcrb0aao_normal_face.png	JP	たか
malekgael	http://mii-images.cdn.nintendo.net/v2thfperodbu_normal_face.png	VE	malek
le_gigi96	http://mii-images.cdn.nintendo.net/1f4csx04x40jc_normal_face.png	US	zayi
lukecdepauw	http://mii-images.cdn.nintendo.net/39lw3j41ibvr9_normal_face.png	US	Jack
EnzoTheSaviour	http://mii-images.cdn.nintendo.net/2e11xagh7qskf_normal_face.png	FR	Enzo
toadymchopper	http://mii-images.cdn.nintendo.net/1o82k21pio7c2_normal_face.png	CA	sparky
zarnov	http://mii-images.cdn.nintendo.net/4b786uzkiq5t_normal_face.png	CA	Earle
kajikimaguro2121	http://mii-images.cdn.nintendo.net/3aibf2vucey9x_normal_face.png	JP	りっくん
PixleMan25	http://mii-images.cdn.nintendo.net/yzgkoywoxizs_normal_face.png	GB	Ethan
zen0906	http://mii-images.cdn.nintendo.net/3nrl705lffayj_normal_face.png	JP	ぜん
FishFaceHD3	http://mii-images.cdn.nintendo.net/3mz9fx3ckqiio_normal_face.png	DE	Majestra:)
Boomersaurus	http://mii-images.cdn.nintendo.net/20rhrbgxuemb3_normal_face.png	US	Mom
jclark23	http://mii-images.cdn.nintendo.net/xqgrfdl9qfl4_normal_face.png	US	Devin
lili2910	http://mii-images.cdn.nintendo.net/1c2pxbqrqza7r_normal_face.png	FR	MaMan
masa599jp	http://mii-images.cdn.nintendo.net/dr8wwumzkdzz_normal_face.png	JP	まさ
ls-cavia	http://mii-images.cdn.nintendo.net/28gu0d22m5754_normal_face.png	NL	ls1
verschaut	http://mii-images.cdn.nintendo.net/1ilpcbkrr12qw_normal_face.png	DE	hihi
11207A	http://mii-images.cdn.nintendo.net/20w2t9c0jw6uv_normal_face.png	JP	System“Z”
melvin2614	http://mii-images.cdn.nintendo.net/p0r2tfc6xieb_normal_face.png	US	harbor
WIIFun456	http://mii-images.cdn.nintendo.net/35c476v6eyrux_normal_face.png	GB	BrainBoy
PetarKovacevic	http://mii-images.cdn.nintendo.net/24ljswddwc72j_normal_face.png	HR	Petar
Mrr.Chris	http://mii-images.cdn.nintendo.net/2tift20zyclv8_normal_face.png	BR	Chris
valenkar	http://mii-images.cdn.nintendo.net/6na1pnilnwjn_normal_face.png	MX	sebas
iggyhammy	http://mii-images.cdn.nintendo.net/268m5wr37jpyq_normal_face.png	US	hammy
Soda-Candy12	http://mii-images.cdn.nintendo.net/2qqfg68xiuzz2_normal_face.png	JP	☆ひりな☆
jimmster06	http://mii-images.cdn.nintendo.net/xmtxixzm2vjv_normal_face.png	US	jimmy
michaels678	http://mii-images.cdn.nintendo.net/1wcd6gfdbuyof_normal_face.png	US	michaels.
mommyjade	http://mii-images.cdn.nintendo.net/14aavveak1uqx_normal_face.png	US	Jade
AnnieHallee	http://mii-images.cdn.nintendo.net/3r8ukrl04csqp_normal_face.png	CA	seb
yt171217	http://mii-images.cdn.nintendo.net/30hky8ctw90th_normal_face.png	JP	ゆずき
cjg294	http://mii-images.cdn.nintendo.net/52gbgwkqd6y0_normal_face.png	US	DEVEL+ΩΨΩΨ
Tronslihno	http://mii-images.cdn.nintendo.net/18nprcjl7izss_normal_face.png	MX	Dio Brando
newnintykids	http://mii-images.cdn.nintendo.net/6ntv384kvzyh_normal_face.png	US	Pip 
nyanbros145	http://mii-images.cdn.nintendo.net/5xlanyirw7qa_normal_face.png	US	★Retired★♪
Mkreyer	http://mii-images.cdn.nintendo.net/1692u9tx04jsb_normal_face.png	FR	Maxime
toutouche20	http://mii-images.cdn.nintendo.net/18lyjcqtiibf9_normal_face.png	FR	toutoune
gredo8	http://mii-images.cdn.nintendo.net/ykwkvxnlat0u_normal_face.png	ES	gredo
Hulvey	http://mii-images.cdn.nintendo.net/1qo78vruiwizo_normal_face.png	US	Ryan
marcgough	http://mii-images.cdn.nintendo.net/1asflzqf7f3as_normal_face.png	GB	daddy
tomazbucar111111	http://mii-images.cdn.nintendo.net/2w3b66jtkbac2_normal_face.png	SI	k
yukey2016	http://mii-images.cdn.nintendo.net/3v8tt1jspia4_normal_face.png	JP	?
Xirus5305	http://mii-images.cdn.nintendo.net/1t1ujkgdg2f0q_normal_face.png	FR	Xirus5305
CometBlaster89	http://mii-images.cdn.nintendo.net/1aml9oozc53e7_normal_face.png	GB	REESE
Tamaiti	http://mii-images.cdn.nintendo.net/1yeaixxpebztx_normal_face.png	MX	JP
garogabriel	http://mii-images.cdn.nintendo.net/1iqkczbwca4c2_normal_face.png	US	gabriel
kx-fkn526-w	http://mii-images.cdn.nintendo.net/3q8bguh88jgmv_normal_face.png	JP	さやか
4JakeD4	http://mii-images.cdn.nintendo.net/1lbpdy4c32r3y_normal_face.png	US	ΔΨΔΖΩ
LOVELIVEOTONOKI	http://mii-images.cdn.nintendo.net/1877yvigg0dqt_normal_face.png	JP	ことほのまき
mk_c02	http://mii-images.cdn.nintendo.net/2hn16yd2kt7co_normal_face.png	IT	Any
Mrs.Hellen	http://mii-images.cdn.nintendo.net/39wlr2y12tuu2_normal_face.png	BR	Hellen
